community_area,month,primary_type,type_count
1,2025-01-01,ASSAULT,20
1,2025-01-01,BATTERY,62
1,2025-01-01,BURGLARY,14
1,2025-01-01,CONCEALED CARRY LICENSE VIOLATION,1
1,2025-01-01,CRIMINAL DAMAGE,28
1,2025-01-01,CRIMINAL SEXUAL ASSAULT,2
1,2025-01-01,CRIMINAL TRESPASS,13
1,2025-01-01,DECEPTIVE PRACTICE,22
1,2025-01-01,INTIMIDATION,3
1,2025-01-01,LIQUOR LAW VIOLATION,1
1,2025-01-01,MOTOR VEHICLE THEFT,24
1,2025-01-01,NARCOTICS,9
1,2025-01-01,OFFENSE INVOLVING CHILDREN,2
1,2025-01-01,OTHER OFFENSE,20
1,2025-01-01,ROBBERY,4
1,2025-01-01,STALKING,1
1,2025-01-01,THEFT,89
1,2025-01-01,WEAPONS VIOLATION,10
1,2025-02-01,ARSON,1
1,2025-02-01,ASSAULT,28
1,2025-02-01,BATTERY,59
1,2025-02-01,BURGLARY,13
1,2025-02-01,CRIMINAL DAMAGE,28
1,2025-02-01,CRIMINAL SEXUAL ASSAULT,2
1,2025-02-01,CRIMINAL TRESPASS,5
1,2025-02-01,DECEPTIVE PRACTICE,22
1,2025-02-01,HOMICIDE,2
1,2025-02-01,MOTOR VEHICLE THEFT,18
1,2025-02-01,NARCOTICS,6
1,2025-02-01,OFFENSE INVOLVING CHILDREN,2
1,2025-02-01,OTHER OFFENSE,17
1,2025-02-01,PUBLIC INDECENCY,1
1,2025-02-01,ROBBERY,14
1,2025-02-01,SEX OFFENSE,1
1,2025-02-01,THEFT,80
1,2025-02-01,WEAPONS VIOLATION,2
2,2025-01-01,ASSAULT,28
2,2025-01-01,BATTERY,49
2,2025-01-01,BURGLARY,14
2,2025-01-01,CRIMINAL DAMAGE,22
2,2025-01-01,CRIMINAL SEXUAL ASSAULT,4
2,2025-01-01,CRIMINAL TRESPASS,7
2,2025-01-01,DECEPTIVE PRACTICE,20
2,2025-01-01,HOMICIDE,1
2,2025-01-01,INTERFERENCE WITH PUBLIC OFFICER,2
2,2025-01-01,MOTOR VEHICLE THEFT,33
2,2025-01-01,NARCOTICS,1
2,2025-01-01,OFFENSE INVOLVING CHILDREN,2
2,2025-01-01,OTHER OFFENSE,21
2,2025-01-01,PUBLIC PEACE VIOLATION,1
2,2025-01-01,SEX OFFENSE,3
2,2025-01-01,STALKING,1
2,2025-01-01,THEFT,79
2,2025-01-01,WEAPONS VIOLATION,1
2,2025-02-01,ASSAULT,14
2,2025-02-01,BATTERY,40
2,2025-02-01,BURGLARY,4
2,2025-02-01,CRIMINAL DAMAGE,20
2,2025-02-01,CRIMINAL SEXUAL ASSAULT,1
2,2025-02-01,CRIMINAL TRESPASS,3
2,2025-02-01,DECEPTIVE PRACTICE,25
2,2025-02-01,LIQUOR LAW VIOLATION,1
2,2025-02-01,MOTOR VEHICLE THEFT,16
2,2025-02-01,NARCOTICS,1
2,2025-02-01,OFFENSE INVOLVING CHILDREN,2
2,2025-02-01,OTHER OFFENSE,19
2,2025-02-01,ROBBERY,3
2,2025-02-01,SEX OFFENSE,1
2,2025-02-01,STALKING,1
2,2025-02-01,THEFT,53
2,2025-02-01,WEAPONS VIOLATION,1
3,2025-01-01,ASSAULT,28
3,2025-01-01,BATTERY,52
3,2025-01-01,BURGLARY,13
3,2025-01-01,CRIMINAL DAMAGE,18
3,2025-01-01,CRIMINAL SEXUAL ASSAULT,4
3,2025-01-01,CRIMINAL TRESPASS,10
3,2025-01-01,DECEPTIVE PRACTICE,33
3,2025-01-01,MOTOR VEHICLE THEFT,9
3,2025-01-01,NARCOTICS,5
3,2025-01-01,OTHER OFFENSE,18
3,2025-01-01,PUBLIC PEACE VIOLATION,3
3,2025-01-01,ROBBERY,3
3,2025-01-01,SEX OFFENSE,9
3,2025-01-01,THEFT,88
3,2025-01-01,WEAPONS VIOLATION,5
3,2025-02-01,ARSON,1
3,2025-02-01,ASSAULT,32
3,2025-02-01,BATTERY,67
3,2025-02-01,BURGLARY,14
3,2025-02-01,CRIMINAL DAMAGE,19
3,2025-02-01,CRIMINAL SEXUAL ASSAULT,3
3,2025-02-01,CRIMINAL TRESPASS,6
3,2025-02-01,DECEPTIVE PRACTICE,28
3,2025-02-01,KIDNAPPING,1
3,2025-02-01,MOTOR VEHICLE THEFT,13
3,2025-02-01,NARCOTICS,2
3,2025-02-01,OTHER OFFENSE,14
3,2025-02-01,ROBBERY,5
3,2025-02-01,SEX OFFENSE,3
3,2025-02-01,STALKING,2
3,2025-02-01,THEFT,89
3,2025-02-01,WEAPONS VIOLATION,2
4,2025-01-01,ASSAULT,11
4,2025-01-01,BATTERY,18
4,2025-01-01,BURGLARY,4
4,2025-01-01,CRIMINAL DAMAGE,13
4,2025-01-01,CRIMINAL SEXUAL ASSAULT,1
4,2025-01-01,CRIMINAL TRESPASS,4
4,2025-01-01,DECEPTIVE PRACTICE,15
4,2025-01-01,MOTOR VEHICLE THEFT,11
4,2025-01-01,NARCOTICS,2
4,2025-01-01,OTHER OFFENSE,10
4,2025-01-01,ROBBERY,3
4,2025-01-01,SEX OFFENSE,2
4,2025-01-01,THEFT,63
4,2025-01-01,WEAPONS VIOLATION,1
4,2025-02-01,ASSAULT,15
4,2025-02-01,BATTERY,20
4,2025-02-01,BURGLARY,6
4,2025-02-01,CRIMINAL DAMAGE,10
4,2025-02-01,CRIMINAL SEXUAL ASSAULT,2
4,2025-02-01,CRIMINAL TRESPASS,8
4,2025-02-01,DECEPTIVE PRACTICE,14
4,2025-02-01,MOTOR VEHICLE THEFT,6
4,2025-02-01,NARCOTICS,1
4,2025-02-01,OFFENSE INVOLVING CHILDREN,2
4,2025-02-01,OTHER OFFENSE,11
4,2025-02-01,PUBLIC PEACE VIOLATION,1
4,2025-02-01,ROBBERY,1
4,2025-02-01,STALKING,1
4,2025-02-01,THEFT,31
4,2025-02-01,WEAPONS VIOLATION,1
5,2025-01-01,ASSAULT,5
5,2025-01-01,BATTERY,7
5,2025-01-01,BURGLARY,7
5,2025-01-01,CRIMINAL DAMAGE,5
5,2025-01-01,CRIMINAL TRESPASS,3
5,2025-01-01,DECEPTIVE PRACTICE,9
5,2025-01-01,MOTOR VEHICLE THEFT,8
5,2025-01-01,NARCOTICS,3
5,2025-01-01,OTHER OFFENSE,11
5,2025-01-01,THEFT,31
5,2025-02-01,ASSAULT,4
5,2025-02-01,BATTERY,3
5,2025-02-01,BURGLARY,5
5,2025-02-01,CRIMINAL DAMAGE,9
5,2025-02-01,CRIMINAL TRESPASS,3
5,2025-02-01,DECEPTIVE PRACTICE,12
5,2025-02-01,MOTOR VEHICLE THEFT,3
5,2025-02-01,NARCOTICS,1
5,2025-02-01,OFFENSE INVOLVING CHILDREN,2
5,2025-02-01,OTHER OFFENSE,9
5,2025-02-01,PUBLIC PEACE VIOLATION,1
5,2025-02-01,ROBBERY,1
5,2025-02-01,SEX OFFENSE,2
5,2025-02-01,THEFT,20
5,2025-02-01,WEAPONS VIOLATION,1
6,2025-01-01,ASSAULT,20
6,2025-01-01,BATTERY,47
6,2025-01-01,BURGLARY,31
6,2025-01-01,CRIMINAL DAMAGE,20
6,2025-01-01,CRIMINAL SEXUAL ASSAULT,6
6,2025-01-01,CRIMINAL TRESPASS,12
6,2025-01-01,DECEPTIVE PRACTICE,48
6,2025-01-01,INTIMIDATION,1
6,2025-01-01,MOTOR VEHICLE THEFT,24
6,2025-01-01,NARCOTICS,9
6,2025-01-01,OTHER OFFENSE,19
6,2025-01-01,ROBBERY,12
6,2025-01-01,SEX OFFENSE,4
6,2025-01-01,THEFT,186
6,2025-01-01,WEAPONS VIOLATION,5
6,2025-02-01,ASSAULT,24
6,2025-02-01,BATTERY,45
6,2025-02-01,BURGLARY,20
6,2025-02-01,CONCEALED CARRY LICENSE VIOLATION,4
6,2025-02-01,CRIMINAL DAMAGE,24
6,2025-02-01,CRIMINAL SEXUAL ASSAULT,7
6,2025-02-01,CRIMINAL TRESPASS,8
6,2025-02-01,DECEPTIVE PRACTICE,48
6,2025-02-01,INTIMIDATION,1
6,2025-02-01,LIQUOR LAW VIOLATION,1
6,2025-02-01,MOTOR VEHICLE THEFT,19
6,2025-02-01,NARCOTICS,2
6,2025-02-01,OFFENSE INVOLVING CHILDREN,2
6,2025-02-01,OTHER OFFENSE,26
6,2025-02-01,PUBLIC PEACE VIOLATION,1
6,2025-02-01,ROBBERY,12
6,2025-02-01,SEX OFFENSE,1
6,2025-02-01,THEFT,143
6,2025-02-01,WEAPONS VIOLATION,2
7,2025-01-01,ARSON,1
7,2025-01-01,ASSAULT,8
7,2025-01-01,BATTERY,36
7,2025-01-01,BURGLARY,25
7,2025-01-01,CRIMINAL DAMAGE,14
7,2025-01-01,CRIMINAL SEXUAL ASSAULT,3
7,2025-01-01,CRIMINAL TRESPASS,9
7,2025-01-01,DECEPTIVE PRACTICE,32
7,2025-01-01,INTIMIDATION,1
7,2025-01-01,MOTOR VEHICLE THEFT,9
7,2025-01-01,NARCOTICS,1
7,2025-01-01,OFFENSE INVOLVING CHILDREN,2
7,2025-01-01,OTHER OFFENSE,8
7,2025-01-01,ROBBERY,7
7,2025-01-01,SEX OFFENSE,2
7,2025-01-01,THEFT,141
7,2025-01-01,WEAPONS VIOLATION,2
7,2025-02-01,ASSAULT,20
7,2025-02-01,BATTERY,25
7,2025-02-01,BURGLARY,15
7,2025-02-01,CRIMINAL DAMAGE,17
7,2025-02-01,CRIMINAL SEXUAL ASSAULT,3
7,2025-02-01,CRIMINAL TRESPASS,12
7,2025-02-01,DECEPTIVE PRACTICE,37
7,2025-02-01,MOTOR VEHICLE THEFT,13
7,2025-02-01,NARCOTICS,2
7,2025-02-01,OTHER OFFENSE,9
7,2025-02-01,PUBLIC PEACE VIOLATION,1
7,2025-02-01,ROBBERY,3
7,2025-02-01,SEX OFFENSE,4
7,2025-02-01,STALKING,1
7,2025-02-01,THEFT,119
7,2025-02-01,WEAPONS VIOLATION,1
8,2025-01-01,ARSON,1
8,2025-01-01,ASSAULT,44
8,2025-01-01,BATTERY,97
8,2025-01-01,BURGLARY,18
8,2025-01-01,CRIMINAL DAMAGE,42
8,2025-01-01,CRIMINAL SEXUAL ASSAULT,17
8,2025-01-01,CRIMINAL TRESPASS,33
8,2025-01-01,DECEPTIVE PRACTICE,104
8,2025-01-01,INTERFERENCE WITH PUBLIC OFFICER,3
8,2025-01-01,INTIMIDATION,1
8,2025-01-01,LIQUOR LAW VIOLATION,2
8,2025-01-01,MOTOR VEHICLE THEFT,20
8,2025-01-01,NARCOTICS,4
8,2025-01-01,OFFENSE INVOLVING CHILDREN,3
8,2025-01-01,OTHER OFFENSE,30
8,2025-01-01,PROSTITUTION,1
8,2025-01-01,PUBLIC PEACE VIOLATION,9
8,2025-01-01,ROBBERY,20
8,2025-01-01,SEX OFFENSE,4
8,2025-01-01,STALKING,5
8,2025-01-01,THEFT,301
8,2025-01-01,WEAPONS VIOLATION,20
8,2025-02-01,ASSAULT,48
8,2025-02-01,BATTERY,86
8,2025-02-01,BURGLARY,7
8,2025-02-01,CONCEALED CARRY LICENSE VIOLATION,1
8,2025-02-01,CRIMINAL DAMAGE,41
8,2025-02-01,CRIMINAL SEXUAL ASSAULT,11
8,2025-02-01,CRIMINAL TRESPASS,27
8,2025-02-01,DECEPTIVE PRACTICE,103
8,2025-02-01,HOMICIDE,1
8,2025-02-01,INTIMIDATION,2
8,2025-02-01,MOTOR VEHICLE THEFT,19
8,2025-02-01,NARCOTICS,7
8,2025-02-01,OFFENSE INVOLVING CHILDREN,2
8,2025-02-01,OTHER OFFENSE,32
8,2025-02-01,PROSTITUTION,1
8,2025-02-01,PUBLIC PEACE VIOLATION,5
8,2025-02-01,ROBBERY,14
8,2025-02-01,SEX OFFENSE,7
8,2025-02-01,THEFT,258
8,2025-02-01,WEAPONS VIOLATION,16
9,2025-01-01,ASSAULT,4
9,2025-01-01,BATTERY,3
9,2025-01-01,BURGLARY,4
9,2025-01-01,CRIMINAL DAMAGE,1
9,2025-01-01,DECEPTIVE PRACTICE,6
9,2025-01-01,OTHER OFFENSE,4
9,2025-01-01,THEFT,3
9,2025-02-01,ASSAULT,1
9,2025-02-01,BATTERY,4
9,2025-02-01,CRIMINAL DAMAGE,10
9,2025-02-01,DECEPTIVE PRACTICE,1
9,2025-02-01,INTERFERENCE WITH PUBLIC OFFICER,1
9,2025-02-01,OTHER OFFENSE,2
9,2025-02-01,THEFT,1
10,2025-01-01,ASSAULT,6
10,2025-01-01,BATTERY,16
10,2025-01-01,BURGLARY,9
10,2025-01-01,CRIMINAL DAMAGE,4
10,2025-01-01,CRIMINAL TRESPASS,4
10,2025-01-01,DECEPTIVE PRACTICE,11
10,2025-01-01,HOMICIDE,1
10,2025-01-01,LIQUOR LAW VIOLATION,1
10,2025-01-01,MOTOR VEHICLE THEFT,7
10,2025-01-01,NARCOTICS,1
10,2025-01-01,OFFENSE INVOLVING CHILDREN,1
10,2025-01-01,OTHER OFFENSE,9
10,2025-01-01,THEFT,16
10,2025-01-01,WEAPONS VIOLATION,2
10,2025-02-01,ASSAULT,4
10,2025-02-01,BATTERY,13
10,2025-02-01,BURGLARY,10
10,2025-02-01,CRIMINAL DAMAGE,5
10,2025-02-01,CRIMINAL SEXUAL ASSAULT,2
10,2025-02-01,CRIMINAL TRESPASS,4
10,2025-02-01,DECEPTIVE PRACTICE,11
10,2025-02-01,NARCOTICS,1
10,2025-02-01,OTHER OFFENSE,4
10,2025-02-01,THEFT,24
11,2025-01-01,ASSAULT,1
11,2025-01-01,BATTERY,11
11,2025-01-01,BURGLARY,1
11,2025-01-01,CRIMINAL DAMAGE,8
11,2025-01-01,CRIMINAL TRESPASS,2
11,2025-01-01,DECEPTIVE PRACTICE,4
11,2025-01-01,MOTOR VEHICLE THEFT,4
11,2025-01-01,NARCOTICS,2
11,2025-01-01,OTHER OFFENSE,7
11,2025-01-01,ROBBERY,5
11,2025-01-01,SEX OFFENSE,1
11,2025-01-01,THEFT,12
11,2025-01-01,WEAPONS VIOLATION,2
11,2025-02-01,ASSAULT,6
11,2025-02-01,BATTERY,9
11,2025-02-01,BURGLARY,2
11,2025-02-01,CRIMINAL DAMAGE,9
11,2025-02-01,CRIMINAL SEXUAL ASSAULT,1
11,2025-02-01,CRIMINAL TRESPASS,5
11,2025-02-01,DECEPTIVE PRACTICE,10
11,2025-02-01,MOTOR VEHICLE THEFT,3
11,2025-02-01,NARCOTICS,2
11,2025-02-01,OFFENSE INVOLVING CHILDREN,2
11,2025-02-01,OTHER OFFENSE,8
11,2025-02-01,ROBBERY,1
11,2025-02-01,THEFT,15
12,2025-01-01,ASSAULT,3
12,2025-01-01,BATTERY,5
12,2025-01-01,BURGLARY,2
12,2025-01-01,CRIMINAL DAMAGE,3
12,2025-01-01,DECEPTIVE PRACTICE,3
12,2025-01-01,MOTOR VEHICLE THEFT,3
12,2025-01-01,NARCOTICS,1
12,2025-01-01,OTHER OFFENSE,6
12,2025-01-01,SEX OFFENSE,1
12,2025-01-01,THEFT,11
12,2025-02-01,ASSAULT,4
12,2025-02-01,BATTERY,4
12,2025-02-01,BURGLARY,2
12,2025-02-01,DECEPTIVE PRACTICE,7
12,2025-02-01,MOTOR VEHICLE THEFT,1
12,2025-02-01,NARCOTICS,1
12,2025-02-01,OTHER OFFENSE,2
12,2025-02-01,ROBBERY,1
12,2025-02-01,THEFT,3
13,2025-01-01,ASSAULT,6
13,2025-01-01,BATTERY,10
13,2025-01-01,BURGLARY,1
13,2025-01-01,CRIMINAL DAMAGE,2
13,2025-01-01,CRIMINAL TRESPASS,3
13,2025-01-01,DECEPTIVE PRACTICE,7
13,2025-01-01,MOTOR VEHICLE THEFT,9
13,2025-01-01,NARCOTICS,2
13,2025-01-01,OFFENSE INVOLVING CHILDREN,2
13,2025-01-01,OTHER OFFENSE,1
13,2025-01-01,THEFT,35
13,2025-01-01,WEAPONS VIOLATION,4
13,2025-02-01,ASSAULT,2
13,2025-02-01,BATTERY,10
13,2025-02-01,BURGLARY,2
13,2025-02-01,CRIMINAL DAMAGE,7
13,2025-02-01,CRIMINAL TRESPASS,1
13,2025-02-01,DECEPTIVE PRACTICE,13
13,2025-02-01,LIQUOR LAW VIOLATION,1
13,2025-02-01,MOTOR VEHICLE THEFT,5
13,2025-02-01,NARCOTICS,1
13,2025-02-01,OTHER OFFENSE,9
13,2025-02-01,THEFT,31
14,2025-01-01,ASSAULT,9
14,2025-01-01,BATTERY,31
14,2025-01-01,BURGLARY,7
14,2025-01-01,CRIMINAL DAMAGE,23
14,2025-01-01,CRIMINAL TRESPASS,4
14,2025-01-01,DECEPTIVE PRACTICE,14
14,2025-01-01,MOTOR VEHICLE THEFT,13
14,2025-01-01,NARCOTICS,3
14,2025-01-01,OFFENSE INVOLVING CHILDREN,2
14,2025-01-01,OTHER OFFENSE,28
14,2025-01-01,PUBLIC PEACE VIOLATION,3
14,2025-01-01,ROBBERY,6
14,2025-01-01,SEX OFFENSE,1
14,2025-01-01,THEFT,44
14,2025-01-01,WEAPONS VIOLATION,3
14,2025-02-01,ASSAULT,14
14,2025-02-01,BATTERY,36
14,2025-02-01,BURGLARY,3
14,2025-02-01,CRIMINAL DAMAGE,18
14,2025-02-01,CRIMINAL TRESPASS,9
14,2025-02-01,DECEPTIVE PRACTICE,16
14,2025-02-01,INTERFERENCE WITH PUBLIC OFFICER,1
14,2025-02-01,MOTOR VEHICLE THEFT,12
14,2025-02-01,NARCOTICS,3
14,2025-02-01,OTHER OFFENSE,25
14,2025-02-01,ROBBERY,3
14,2025-02-01,SEX OFFENSE,2
14,2025-02-01,STALKING,1
14,2025-02-01,THEFT,41
14,2025-02-01,WEAPONS VIOLATION,2
15,2025-01-01,ASSAULT,11
15,2025-01-01,BATTERY,33
15,2025-01-01,BURGLARY,8
15,2025-01-01,CONCEALED CARRY LICENSE VIOLATION,1
15,2025-01-01,CRIMINAL DAMAGE,16
15,2025-01-01,CRIMINAL SEXUAL ASSAULT,1
15,2025-01-01,CRIMINAL TRESPASS,3
15,2025-01-01,DECEPTIVE PRACTICE,13
15,2025-01-01,HOMICIDE,2
15,2025-01-01,INTERFERENCE WITH PUBLIC OFFICER,3
15,2025-01-01,MOTOR VEHICLE THEFT,21
15,2025-01-01,NARCOTICS,7
15,2025-01-01,OFFENSE INVOLVING CHILDREN,1
15,2025-01-01,OTHER OFFENSE,29
15,2025-01-01,ROBBERY,1
15,2025-01-01,SEX OFFENSE,2
15,2025-01-01,STALKING,1
15,2025-01-01,THEFT,51
15,2025-01-01,WEAPONS VIOLATION,7
15,2025-02-01,ASSAULT,13
15,2025-02-01,BATTERY,26
15,2025-02-01,BURGLARY,7
15,2025-02-01,CRIMINAL DAMAGE,25
15,2025-02-01,CRIMINAL SEXUAL ASSAULT,1
15,2025-02-01,CRIMINAL TRESPASS,5
15,2025-02-01,DECEPTIVE PRACTICE,17
15,2025-02-01,INTERFERENCE WITH PUBLIC OFFICER,1
15,2025-02-01,KIDNAPPING,1
15,2025-02-01,LIQUOR LAW VIOLATION,1
15,2025-02-01,MOTOR VEHICLE THEFT,23
15,2025-02-01,NARCOTICS,4
15,2025-02-01,OTHER OFFENSE,24
15,2025-02-01,ROBBERY,2
15,2025-02-01,SEX OFFENSE,1
15,2025-02-01,STALKING,1
15,2025-02-01,THEFT,52
15,2025-02-01,WEAPONS VIOLATION,5
16,2025-01-01,ARSON,1
16,2025-01-01,ASSAULT,10
16,2025-01-01,BATTERY,33
16,2025-01-01,BURGLARY,7
16,2025-01-01,CRIMINAL DAMAGE,12
16,2025-01-01,CRIMINAL SEXUAL ASSAULT,1
16,2025-01-01,CRIMINAL TRESPASS,7
16,2025-01-01,DECEPTIVE PRACTICE,17
16,2025-01-01,INTERFERENCE WITH PUBLIC OFFICER,2
16,2025-01-01,MOTOR VEHICLE THEFT,19
16,2025-01-01,NARCOTICS,3
16,2025-01-01,OTHER OFFENSE,23
16,2025-01-01,PUBLIC PEACE VIOLATION,1
16,2025-01-01,ROBBERY,5
16,2025-01-01,SEX OFFENSE,4
16,2025-01-01,STALKING,1
16,2025-01-01,THEFT,41
16,2025-01-01,WEAPONS VIOLATION,1
16,2025-02-01,ASSAULT,11
16,2025-02-01,BATTERY,29
16,2025-02-01,BURGLARY,9
16,2025-02-01,CRIMINAL DAMAGE,22
16,2025-02-01,CRIMINAL TRESPASS,1
16,2025-02-01,DECEPTIVE PRACTICE,14
16,2025-02-01,INTERFERENCE WITH PUBLIC OFFICER,2
16,2025-02-01,INTIMIDATION,1
16,2025-02-01,LIQUOR LAW VIOLATION,1
16,2025-02-01,MOTOR VEHICLE THEFT,7
16,2025-02-01,NARCOTICS,2
16,2025-02-01,OFFENSE INVOLVING CHILDREN,1
16,2025-02-01,OTHER NARCOTIC VIOLATION,1
16,2025-02-01,OTHER OFFENSE,22
16,2025-02-01,PUBLIC PEACE VIOLATION,1
16,2025-02-01,ROBBERY,4
16,2025-02-01,SEX OFFENSE,1
16,2025-02-01,THEFT,48
16,2025-02-01,WEAPONS VIOLATION,2
17,2025-01-01,ARSON,1
17,2025-01-01,ASSAULT,8
17,2025-01-01,BATTERY,21
17,2025-01-01,BURGLARY,5
17,2025-01-01,CRIMINAL DAMAGE,16
17,2025-01-01,DECEPTIVE PRACTICE,17
17,2025-01-01,MOTOR VEHICLE THEFT,7
17,2025-01-01,OFFENSE INVOLVING CHILDREN,1
17,2025-01-01,OTHER OFFENSE,16
17,2025-01-01,ROBBERY,1
17,2025-01-01,STALKING,1
17,2025-01-01,THEFT,23
17,2025-01-01,WEAPONS VIOLATION,1
17,2025-02-01,ASSAULT,8
17,2025-02-01,BATTERY,11
17,2025-02-01,BURGLARY,8
17,2025-02-01,CONCEALED CARRY LICENSE VIOLATION,1
17,2025-02-01,CRIMINAL DAMAGE,6
17,2025-02-01,CRIMINAL SEXUAL ASSAULT,1
17,2025-02-01,CRIMINAL TRESPASS,7
17,2025-02-01,DECEPTIVE PRACTICE,5
17,2025-02-01,MOTOR VEHICLE THEFT,6
17,2025-02-01,NARCOTICS,1
17,2025-02-01,OFFENSE INVOLVING CHILDREN,3
17,2025-02-01,OTHER OFFENSE,9
17,2025-02-01,ROBBERY,1
17,2025-02-01,THEFT,17
17,2025-02-01,WEAPONS VIOLATION,1
18,2025-01-01,ASSAULT,1
18,2025-01-01,BATTERY,5
18,2025-01-01,DECEPTIVE PRACTICE,7
18,2025-01-01,MOTOR VEHICLE THEFT,3
18,2025-01-01,OFFENSE INVOLVING CHILDREN,1
18,2025-01-01,OTHER OFFENSE,4
18,2025-01-01,THEFT,6
18,2025-02-01,ARSON,1
18,2025-02-01,ASSAULT,5
18,2025-02-01,BATTERY,4
18,2025-02-01,BURGLARY,1
18,2025-02-01,CRIMINAL DAMAGE,6
18,2025-02-01,CRIMINAL TRESPASS,1
18,2025-02-01,DECEPTIVE PRACTICE,6
18,2025-02-01,MOTOR VEHICLE THEFT,2
18,2025-02-01,OTHER OFFENSE,10
18,2025-02-01,THEFT,19
19,2025-01-01,ASSAULT,26
19,2025-01-01,BATTERY,80
19,2025-01-01,BURGLARY,16
19,2025-01-01,CONCEALED CARRY LICENSE VIOLATION,1
19,2025-01-01,CRIMINAL DAMAGE,25
19,2025-01-01,CRIMINAL SEXUAL ASSAULT,4
19,2025-01-01,CRIMINAL TRESPASS,10
19,2025-01-01,DECEPTIVE PRACTICE,24
19,2025-01-01,HOMICIDE,1
19,2025-01-01,INTERFERENCE WITH PUBLIC OFFICER,3
19,2025-01-01,MOTOR VEHICLE THEFT,25
19,2025-01-01,NARCOTICS,5
19,2025-01-01,OFFENSE INVOLVING CHILDREN,1
19,2025-01-01,OTHER OFFENSE,42
19,2025-01-01,PUBLIC PEACE VIOLATION,1
19,2025-01-01,ROBBERY,10
19,2025-01-01,SEX OFFENSE,4
19,2025-01-01,STALKING,2
19,2025-01-01,THEFT,78
19,2025-01-01,WEAPONS VIOLATION,7
19,2025-02-01,ASSAULT,25
19,2025-02-01,BATTERY,42
19,2025-02-01,BURGLARY,14
19,2025-02-01,CRIMINAL DAMAGE,28
19,2025-02-01,CRIMINAL TRESPASS,3
19,2025-02-01,DECEPTIVE PRACTICE,19
19,2025-02-01,LIQUOR LAW VIOLATION,2
19,2025-02-01,MOTOR VEHICLE THEFT,11
19,2025-02-01,NARCOTICS,6
19,2025-02-01,OFFENSE INVOLVING CHILDREN,3
19,2025-02-01,OTHER OFFENSE,27
19,2025-02-01,ROBBERY,4
19,2025-02-01,SEX OFFENSE,1
19,2025-02-01,STALKING,2
19,2025-02-01,THEFT,83
19,2025-02-01,WEAPONS VIOLATION,6
20,2025-01-01,ASSAULT,9
20,2025-01-01,BATTERY,14
20,2025-01-01,BURGLARY,6
20,2025-01-01,CRIMINAL DAMAGE,14
20,2025-01-01,CRIMINAL TRESPASS,1
20,2025-01-01,DECEPTIVE PRACTICE,5
20,2025-01-01,INTERFERENCE WITH PUBLIC OFFICER,1
20,2025-01-01,MOTOR VEHICLE THEFT,7
20,2025-01-01,OTHER OFFENSE,10
20,2025-01-01,PUBLIC PEACE VIOLATION,1
20,2025-01-01,ROBBERY,1
20,2025-01-01,THEFT,26
20,2025-01-01,WEAPONS VIOLATION,3
20,2025-02-01,ASSAULT,11
20,2025-02-01,BATTERY,8
20,2025-02-01,BURGLARY,1
20,2025-02-01,CRIMINAL DAMAGE,4
20,2025-02-01,CRIMINAL TRESPASS,1
20,2025-02-01,DECEPTIVE PRACTICE,13
20,2025-02-01,MOTOR VEHICLE THEFT,6
20,2025-02-01,NARCOTICS,1
20,2025-02-01,OFFENSE INVOLVING CHILDREN,1
20,2025-02-01,OTHER OFFENSE,8
20,2025-02-01,ROBBERY,2
20,2025-02-01,SEX OFFENSE,1
20,2025-02-01,THEFT,16
20,2025-02-01,WEAPONS VIOLATION,2
21,2025-01-01,ASSAULT,9
21,2025-01-01,BATTERY,23
21,2025-01-01,BURGLARY,10
21,2025-01-01,CRIMINAL DAMAGE,21
21,2025-01-01,CRIMINAL SEXUAL ASSAULT,1
21,2025-01-01,CRIMINAL TRESPASS,3
21,2025-01-01,DECEPTIVE PRACTICE,17
21,2025-01-01,INTERFERENCE WITH PUBLIC OFFICER,1
21,2025-01-01,MOTOR VEHICLE THEFT,19
21,2025-01-01,OTHER OFFENSE,8
21,2025-01-01,ROBBERY,2
21,2025-01-01,SEX OFFENSE,2
21,2025-01-01,THEFT,63
21,2025-01-01,WEAPONS VIOLATION,3
21,2025-02-01,ASSAULT,14
21,2025-02-01,BATTERY,21
21,2025-02-01,BURGLARY,5
21,2025-02-01,CONCEALED CARRY LICENSE VIOLATION,1
21,2025-02-01,CRIMINAL DAMAGE,11
21,2025-02-01,CRIMINAL TRESPASS,4
21,2025-02-01,DECEPTIVE PRACTICE,9
21,2025-02-01,MOTOR VEHICLE THEFT,3
21,2025-02-01,NARCOTICS,2
21,2025-02-01,OTHER OFFENSE,13
21,2025-02-01,PROSTITUTION,1
21,2025-02-01,ROBBERY,2
21,2025-02-01,SEX OFFENSE,1
21,2025-02-01,STALKING,1
21,2025-02-01,THEFT,49
22,2025-01-01,ASSAULT,24
22,2025-01-01,BATTERY,32
22,2025-01-01,BURGLARY,18
22,2025-01-01,CONCEALED CARRY LICENSE VIOLATION,1
22,2025-01-01,CRIMINAL DAMAGE,25
22,2025-01-01,CRIMINAL SEXUAL ASSAULT,4
22,2025-01-01,CRIMINAL TRESPASS,5
22,2025-01-01,DECEPTIVE PRACTICE,26
22,2025-01-01,INTERFERENCE WITH PUBLIC OFFICER,1
22,2025-01-01,MOTOR VEHICLE THEFT,27
22,2025-01-01,NARCOTICS,1
22,2025-01-01,OFFENSE INVOLVING CHILDREN,1
22,2025-01-01,OTHER OFFENSE,24
22,2025-01-01,PUBLIC PEACE VIOLATION,2
22,2025-01-01,ROBBERY,14
22,2025-01-01,SEX OFFENSE,4
22,2025-01-01,STALKING,1
22,2025-01-01,THEFT,128
22,2025-01-01,WEAPONS VIOLATION,3
22,2025-02-01,ARSON,1
22,2025-02-01,ASSAULT,16
22,2025-02-01,BATTERY,36
22,2025-02-01,BURGLARY,9
22,2025-02-01,CRIMINAL DAMAGE,24
22,2025-02-01,CRIMINAL SEXUAL ASSAULT,2
22,2025-02-01,CRIMINAL TRESPASS,6
22,2025-02-01,DECEPTIVE PRACTICE,17
22,2025-02-01,MOTOR VEHICLE THEFT,23
22,2025-02-01,NARCOTICS,1
22,2025-02-01,OFFENSE INVOLVING CHILDREN,1
22,2025-02-01,OTHER OFFENSE,23
22,2025-02-01,PUBLIC PEACE VIOLATION,1
22,2025-02-01,ROBBERY,8
22,2025-02-01,SEX OFFENSE,3
22,2025-02-01,THEFT,126
22,2025-02-01,WEAPONS VIOLATION,2
23,2025-01-01,ASSAULT,27
23,2025-01-01,BATTERY,77
23,2025-01-01,BURGLARY,5
23,2025-01-01,CRIMINAL DAMAGE,51
23,2025-01-01,CRIMINAL SEXUAL ASSAULT,4
23,2025-01-01,CRIMINAL TRESPASS,11
23,2025-01-01,DECEPTIVE PRACTICE,16
23,2025-01-01,HOMICIDE,1
23,2025-01-01,INTERFERENCE WITH PUBLIC OFFICER,3
23,2025-01-01,MOTOR VEHICLE THEFT,29
23,2025-01-01,NARCOTICS,151
23,2025-01-01,OFFENSE INVOLVING CHILDREN,3
23,2025-01-01,OTHER OFFENSE,50
23,2025-01-01,PROSTITUTION,2
23,2025-01-01,PUBLIC PEACE VIOLATION,1
23,2025-01-01,ROBBERY,26
23,2025-01-01,SEX OFFENSE,3
23,2025-01-01,STALKING,2
23,2025-01-01,THEFT,70
23,2025-01-01,WEAPONS VIOLATION,11
23,2025-02-01,ASSAULT,32
23,2025-02-01,BATTERY,72
23,2025-02-01,BURGLARY,13
23,2025-02-01,CRIMINAL DAMAGE,29
23,2025-02-01,CRIMINAL SEXUAL ASSAULT,2
23,2025-02-01,CRIMINAL TRESPASS,14
23,2025-02-01,DECEPTIVE PRACTICE,21
23,2025-02-01,HOMICIDE,2
23,2025-02-01,INTERFERENCE WITH PUBLIC OFFICER,4
23,2025-02-01,KIDNAPPING,1
23,2025-02-01,MOTOR VEHICLE THEFT,13
23,2025-02-01,NARCOTICS,160
23,2025-02-01,OFFENSE INVOLVING CHILDREN,5
23,2025-02-01,OTHER OFFENSE,34
23,2025-02-01,PUBLIC PEACE VIOLATION,3
23,2025-02-01,ROBBERY,15
23,2025-02-01,SEX OFFENSE,1
23,2025-02-01,THEFT,62
23,2025-02-01,WEAPONS VIOLATION,7
24,2025-01-01,ASSAULT,18
24,2025-01-01,BATTERY,33
24,2025-01-01,BURGLARY,24
24,2025-01-01,CONCEALED CARRY LICENSE VIOLATION,1
24,2025-01-01,CRIMINAL DAMAGE,49
24,2025-01-01,CRIMINAL SEXUAL ASSAULT,2
24,2025-01-01,CRIMINAL TRESPASS,12
24,2025-01-01,DECEPTIVE PRACTICE,37
24,2025-01-01,INTERFERENCE WITH PUBLIC OFFICER,2
24,2025-01-01,KIDNAPPING,1
24,2025-01-01,LIQUOR LAW VIOLATION,2
24,2025-01-01,MOTOR VEHICLE THEFT,47
24,2025-01-01,NARCOTICS,6
24,2025-01-01,OFFENSE INVOLVING CHILDREN,2
24,2025-01-01,OTHER OFFENSE,20
24,2025-01-01,PUBLIC PEACE VIOLATION,3
24,2025-01-01,ROBBERY,42
24,2025-01-01,SEX OFFENSE,3
24,2025-01-01,STALKING,1
24,2025-01-01,THEFT,201
24,2025-01-01,WEAPONS VIOLATION,1
24,2025-02-01,ASSAULT,24
24,2025-02-01,BATTERY,60
24,2025-02-01,BURGLARY,20
24,2025-02-01,CRIMINAL DAMAGE,25
24,2025-02-01,CRIMINAL SEXUAL ASSAULT,2
24,2025-02-01,CRIMINAL TRESPASS,8
24,2025-02-01,DECEPTIVE PRACTICE,31
24,2025-02-01,INTERFERENCE WITH PUBLIC OFFICER,2
24,2025-02-01,KIDNAPPING,1
24,2025-02-01,LIQUOR LAW VIOLATION,1
24,2025-02-01,MOTOR VEHICLE THEFT,39
24,2025-02-01,NARCOTICS,5
24,2025-02-01,OFFENSE INVOLVING CHILDREN,4
24,2025-02-01,OTHER OFFENSE,28
24,2025-02-01,PUBLIC PEACE VIOLATION,1
24,2025-02-01,ROBBERY,17
24,2025-02-01,SEX OFFENSE,5
24,2025-02-01,THEFT,164
24,2025-02-01,WEAPONS VIOLATION,2
25,2025-01-01,ARSON,4
25,2025-01-01,ASSAULT,83
25,2025-01-01,BATTERY,184
25,2025-01-01,BURGLARY,22
25,2025-01-01,CRIMINAL DAMAGE,83
25,2025-01-01,CRIMINAL SEXUAL ASSAULT,6
25,2025-01-01,CRIMINAL TRESPASS,14
25,2025-01-01,DECEPTIVE PRACTICE,34
25,2025-01-01,HOMICIDE,4
25,2025-01-01,HUMAN TRAFFICKING,1
25,2025-01-01,INTERFERENCE WITH PUBLIC OFFICER,2
25,2025-01-01,LIQUOR LAW VIOLATION,1
25,2025-01-01,MOTOR VEHICLE THEFT,83
25,2025-01-01,NARCOTICS,133
25,2025-01-01,OFFENSE INVOLVING CHILDREN,4
25,2025-01-01,OTHER OFFENSE,86
25,2025-01-01,PROSTITUTION,2
25,2025-01-01,PUBLIC PEACE VIOLATION,3
25,2025-01-01,ROBBERY,29
25,2025-01-01,SEX OFFENSE,7
25,2025-01-01,THEFT,199
25,2025-01-01,WEAPONS VIOLATION,23
25,2025-02-01,ARSON,4
25,2025-02-01,ASSAULT,87
25,2025-02-01,BATTERY,180
25,2025-02-01,BURGLARY,16
25,2025-02-01,CONCEALED CARRY LICENSE VIOLATION,1
25,2025-02-01,CRIMINAL DAMAGE,82
25,2025-02-01,CRIMINAL SEXUAL ASSAULT,8
25,2025-02-01,CRIMINAL TRESPASS,12
25,2025-02-01,DECEPTIVE PRACTICE,53
25,2025-02-01,INTERFERENCE WITH PUBLIC OFFICER,1
25,2025-02-01,LIQUOR LAW VIOLATION,1
25,2025-02-01,MOTOR VEHICLE THEFT,63
25,2025-02-01,NARCOTICS,111
25,2025-02-01,OBSCENITY,1
25,2025-02-01,OFFENSE INVOLVING CHILDREN,4
25,2025-02-01,OTHER OFFENSE,76
25,2025-02-01,PROSTITUTION,6
25,2025-02-01,PUBLIC PEACE VIOLATION,1
25,2025-02-01,ROBBERY,33
25,2025-02-01,SEX OFFENSE,4
25,2025-02-01,STALKING,1
25,2025-02-01,THEFT,184
25,2025-02-01,WEAPONS VIOLATION,21
26,2025-01-01,ASSAULT,22
26,2025-01-01,BATTERY,56
26,2025-01-01,BURGLARY,4
26,2025-01-01,CRIMINAL DAMAGE,29
26,2025-01-01,CRIMINAL SEXUAL ASSAULT,1
26,2025-01-01,CRIMINAL TRESPASS,3
26,2025-01-01,DECEPTIVE PRACTICE,9
26,2025-01-01,HOMICIDE,1
26,2025-01-01,INTERFERENCE WITH PUBLIC OFFICER,1
26,2025-01-01,MOTOR VEHICLE THEFT,23
26,2025-01-01,NARCOTICS,45
26,2025-01-01,OFFENSE INVOLVING CHILDREN,4
26,2025-01-01,OTHER OFFENSE,19
26,2025-01-01,PROSTITUTION,2
26,2025-01-01,PUBLIC PEACE VIOLATION,2
26,2025-01-01,ROBBERY,14
26,2025-01-01,THEFT,23
26,2025-01-01,WEAPONS VIOLATION,11
26,2025-02-01,ASSAULT,25
26,2025-02-01,BATTERY,43
26,2025-02-01,BURGLARY,3
26,2025-02-01,CRIMINAL DAMAGE,14
26,2025-02-01,CRIMINAL SEXUAL ASSAULT,1
26,2025-02-01,CRIMINAL TRESPASS,3
26,2025-02-01,DECEPTIVE PRACTICE,8
26,2025-02-01,INTERFERENCE WITH PUBLIC OFFICER,1
26,2025-02-01,MOTOR VEHICLE THEFT,6
26,2025-02-01,NARCOTICS,53
26,2025-02-01,OFFENSE INVOLVING CHILDREN,4
26,2025-02-01,OTHER OFFENSE,10
26,2025-02-01,PROSTITUTION,1
26,2025-02-01,PUBLIC PEACE VIOLATION,1
26,2025-02-01,ROBBERY,11
26,2025-02-01,THEFT,23
26,2025-02-01,WEAPONS VIOLATION,6
27,2025-01-01,ASSAULT,24
27,2025-01-01,BATTERY,53
27,2025-01-01,BURGLARY,6
27,2025-01-01,CRIMINAL DAMAGE,38
27,2025-01-01,CRIMINAL SEXUAL ASSAULT,1
27,2025-01-01,CRIMINAL TRESPASS,7
27,2025-01-01,DECEPTIVE PRACTICE,16
27,2025-01-01,HUMAN TRAFFICKING,1
27,2025-01-01,INTERFERENCE WITH PUBLIC OFFICER,1
27,2025-01-01,MOTOR VEHICLE THEFT,24
27,2025-01-01,NARCOTICS,56
27,2025-01-01,OFFENSE INVOLVING CHILDREN,3
27,2025-01-01,OTHER OFFENSE,16
27,2025-01-01,ROBBERY,12
27,2025-01-01,SEX OFFENSE,4
27,2025-01-01,THEFT,36
27,2025-01-01,WEAPONS VIOLATION,7
27,2025-02-01,ASSAULT,27
27,2025-02-01,BATTERY,49
27,2025-02-01,BURGLARY,3
27,2025-02-01,CRIMINAL DAMAGE,22
27,2025-02-01,CRIMINAL SEXUAL ASSAULT,1
27,2025-02-01,CRIMINAL TRESPASS,7
27,2025-02-01,DECEPTIVE PRACTICE,17
27,2025-02-01,HOMICIDE,1
27,2025-02-01,MOTOR VEHICLE THEFT,21
27,2025-02-01,NARCOTICS,51
27,2025-02-01,OFFENSE INVOLVING CHILDREN,2
27,2025-02-01,OTHER OFFENSE,20
27,2025-02-01,PUBLIC PEACE VIOLATION,3
27,2025-02-01,ROBBERY,11
27,2025-02-01,SEX OFFENSE,3
27,2025-02-01,STALKING,2
27,2025-02-01,THEFT,27
27,2025-02-01,WEAPONS VIOLATION,5
28,2025-01-01,ASSAULT,56
28,2025-01-01,BATTERY,100
28,2025-01-01,BURGLARY,36
28,2025-01-01,CONCEALED CARRY LICENSE VIOLATION,3
28,2025-01-01,CRIMINAL DAMAGE,66
28,2025-01-01,CRIMINAL SEXUAL ASSAULT,6
28,2025-01-01,CRIMINAL TRESPASS,23
28,2025-01-01,DECEPTIVE PRACTICE,51
28,2025-01-01,HOMICIDE,2
28,2025-01-01,INTERFERENCE WITH PUBLIC OFFICER,5
28,2025-01-01,KIDNAPPING,1
28,2025-01-01,MOTOR VEHICLE THEFT,53
28,2025-01-01,NARCOTICS,17
28,2025-01-01,OFFENSE INVOLVING CHILDREN,3
28,2025-01-01,OTHER OFFENSE,44
28,2025-01-01,PUBLIC PEACE VIOLATION,6
28,2025-01-01,ROBBERY,24
28,2025-01-01,SEX OFFENSE,2
28,2025-01-01,STALKING,2
28,2025-01-01,THEFT,206
28,2025-01-01,WEAPONS VIOLATION,7
28,2025-02-01,ASSAULT,60
28,2025-02-01,BATTERY,77
28,2025-02-01,BURGLARY,20
28,2025-02-01,CRIMINAL DAMAGE,51
28,2025-02-01,CRIMINAL SEXUAL ASSAULT,5
28,2025-02-01,CRIMINAL TRESPASS,15
28,2025-02-01,DECEPTIVE PRACTICE,63
28,2025-02-01,INTERFERENCE WITH PUBLIC OFFICER,2
28,2025-02-01,LIQUOR LAW VIOLATION,1
28,2025-02-01,MOTOR VEHICLE THEFT,64
28,2025-02-01,NARCOTICS,14
28,2025-02-01,OFFENSE INVOLVING CHILDREN,2
28,2025-02-01,OTHER OFFENSE,30
28,2025-02-01,PUBLIC PEACE VIOLATION,8
28,2025-02-01,ROBBERY,18
28,2025-02-01,SEX OFFENSE,1
28,2025-02-01,STALKING,1
28,2025-02-01,THEFT,190
28,2025-02-01,WEAPONS VIOLATION,6
29,2025-01-01,ARSON,1
29,2025-01-01,ASSAULT,34
29,2025-01-01,BATTERY,88
29,2025-01-01,BURGLARY,5
29,2025-01-01,CRIMINAL DAMAGE,49
29,2025-01-01,CRIMINAL SEXUAL ASSAULT,5
29,2025-01-01,CRIMINAL TRESPASS,3
29,2025-01-01,DECEPTIVE PRACTICE,22
29,2025-01-01,HOMICIDE,4
29,2025-01-01,INTERFERENCE WITH PUBLIC OFFICER,2
29,2025-01-01,MOTOR VEHICLE THEFT,27
29,2025-01-01,NARCOTICS,90
29,2025-01-01,OFFENSE INVOLVING CHILDREN,3
29,2025-01-01,OTHER OFFENSE,63
29,2025-01-01,PUBLIC PEACE VIOLATION,1
29,2025-01-01,ROBBERY,19
29,2025-01-01,SEX OFFENSE,3
29,2025-01-01,STALKING,1
29,2025-01-01,THEFT,58
29,2025-01-01,WEAPONS VIOLATION,19
29,2025-02-01,ASSAULT,53
29,2025-02-01,BATTERY,80
29,2025-02-01,BURGLARY,10
29,2025-02-01,CONCEALED CARRY LICENSE VIOLATION,3
29,2025-02-01,CRIMINAL DAMAGE,40
29,2025-02-01,CRIMINAL SEXUAL ASSAULT,3
29,2025-02-01,CRIMINAL TRESPASS,9
29,2025-02-01,DECEPTIVE PRACTICE,25
29,2025-02-01,INTERFERENCE WITH PUBLIC OFFICER,2
29,2025-02-01,MOTOR VEHICLE THEFT,20
29,2025-02-01,NARCOTICS,102
29,2025-02-01,OFFENSE INVOLVING CHILDREN,4
29,2025-02-01,OTHER OFFENSE,61
29,2025-02-01,PUBLIC PEACE VIOLATION,4
29,2025-02-01,ROBBERY,19
29,2025-02-01,SEX OFFENSE,2
29,2025-02-01,THEFT,47
29,2025-02-01,WEAPONS VIOLATION,17
30,2025-01-01,ASSAULT,20
30,2025-01-01,BATTERY,55
30,2025-01-01,BURGLARY,8
30,2025-01-01,CONCEALED CARRY LICENSE VIOLATION,1
30,2025-01-01,CRIMINAL DAMAGE,18
30,2025-01-01,CRIMINAL SEXUAL ASSAULT,4
30,2025-01-01,CRIMINAL TRESPASS,4
30,2025-01-01,DECEPTIVE PRACTICE,15
30,2025-01-01,HOMICIDE,1
30,2025-01-01,INTERFERENCE WITH PUBLIC OFFICER,4
30,2025-01-01,MOTOR VEHICLE THEFT,12
30,2025-01-01,NARCOTICS,4
30,2025-01-01,OFFENSE INVOLVING CHILDREN,3
30,2025-01-01,OTHER OFFENSE,39
30,2025-01-01,PUBLIC PEACE VIOLATION,4
30,2025-01-01,ROBBERY,9
30,2025-01-01,SEX OFFENSE,3
30,2025-01-01,THEFT,39
30,2025-01-01,WEAPONS VIOLATION,11
30,2025-02-01,ASSAULT,22
30,2025-02-01,BATTERY,55
30,2025-02-01,BURGLARY,7
30,2025-02-01,CRIMINAL DAMAGE,31
30,2025-02-01,CRIMINAL SEXUAL ASSAULT,2
30,2025-02-01,CRIMINAL TRESPASS,6
30,2025-02-01,DECEPTIVE PRACTICE,14
30,2025-02-01,INTERFERENCE WITH PUBLIC OFFICER,1
30,2025-02-01,LIQUOR LAW VIOLATION,2
30,2025-02-01,MOTOR VEHICLE THEFT,14
30,2025-02-01,NARCOTICS,12
30,2025-02-01,OFFENSE INVOLVING CHILDREN,2
30,2025-02-01,OTHER OFFENSE,32
30,2025-02-01,ROBBERY,4
30,2025-02-01,SEX OFFENSE,1
30,2025-02-01,STALKING,1
30,2025-02-01,THEFT,35
30,2025-02-01,WEAPONS VIOLATION,8
31,2025-01-01,ASSAULT,28
31,2025-01-01,BATTERY,37
31,2025-01-01,BURGLARY,15
31,2025-01-01,CONCEALED CARRY LICENSE VIOLATION,1
31,2025-01-01,CRIMINAL DAMAGE,16
31,2025-01-01,CRIMINAL TRESPASS,5
31,2025-01-01,DECEPTIVE PRACTICE,20
31,2025-01-01,MOTOR VEHICLE THEFT,11
31,2025-01-01,OTHER OFFENSE,9
31,2025-01-01,PUBLIC PEACE VIOLATION,1
31,2025-01-01,ROBBERY,2
31,2025-01-01,SEX OFFENSE,2
31,2025-01-01,THEFT,48
31,2025-01-01,WEAPONS VIOLATION,5
31,2025-02-01,ARSON,1
31,2025-02-01,ASSAULT,13
31,2025-02-01,BATTERY,39
31,2025-02-01,BURGLARY,5
31,2025-02-01,CRIMINAL DAMAGE,15
31,2025-02-01,CRIMINAL SEXUAL ASSAULT,2
31,2025-02-01,CRIMINAL TRESPASS,5
31,2025-02-01,DECEPTIVE PRACTICE,12
31,2025-02-01,MOTOR VEHICLE THEFT,11
31,2025-02-01,NARCOTICS,1
31,2025-02-01,OFFENSE INVOLVING CHILDREN,3
31,2025-02-01,OTHER OFFENSE,8
31,2025-02-01,PUBLIC PEACE VIOLATION,1
31,2025-02-01,ROBBERY,5
31,2025-02-01,THEFT,49
31,2025-02-01,WEAPONS VIOLATION,3
32,2025-01-01,ARSON,1
32,2025-01-01,ASSAULT,29
32,2025-01-01,BATTERY,83
32,2025-01-01,BURGLARY,17
32,2025-01-01,CONCEALED CARRY LICENSE VIOLATION,2
32,2025-01-01,CRIMINAL DAMAGE,36
32,2025-01-01,CRIMINAL SEXUAL ASSAULT,1
32,2025-01-01,CRIMINAL TRESPASS,36
32,2025-01-01,DECEPTIVE PRACTICE,61
32,2025-01-01,INTERFERENCE WITH PUBLIC OFFICER,8
32,2025-01-01,KIDNAPPING,1
32,2025-01-01,LIQUOR LAW VIOLATION,1
32,2025-01-01,MOTOR VEHICLE THEFT,23
32,2025-01-01,NARCOTICS,34
32,2025-01-01,NON-CRIMINAL,1
32,2025-01-01,OTHER OFFENSE,28
32,2025-01-01,PUBLIC INDECENCY,1
32,2025-01-01,PUBLIC PEACE VIOLATION,7
32,2025-01-01,ROBBERY,16
32,2025-01-01,SEX OFFENSE,3
32,2025-01-01,STALKING,1
32,2025-01-01,THEFT,207
32,2025-01-01,WEAPONS VIOLATION,10
32,2025-02-01,ARSON,1
32,2025-02-01,ASSAULT,41
32,2025-02-01,BATTERY,64
32,2025-02-01,BURGLARY,14
32,2025-02-01,CRIMINAL DAMAGE,29
32,2025-02-01,CRIMINAL SEXUAL ASSAULT,3
32,2025-02-01,CRIMINAL TRESPASS,29
32,2025-02-01,DECEPTIVE PRACTICE,48
32,2025-02-01,INTERFERENCE WITH PUBLIC OFFICER,7
32,2025-02-01,INTIMIDATION,1
32,2025-02-01,LIQUOR LAW VIOLATION,2
32,2025-02-01,MOTOR VEHICLE THEFT,22
32,2025-02-01,NARCOTICS,28
32,2025-02-01,OFFENSE INVOLVING CHILDREN,2
32,2025-02-01,OTHER OFFENSE,25
32,2025-02-01,PUBLIC PEACE VIOLATION,9
32,2025-02-01,ROBBERY,17
32,2025-02-01,SEX OFFENSE,4
32,2025-02-01,STALKING,2
32,2025-02-01,THEFT,244
32,2025-02-01,WEAPONS VIOLATION,14
33,2025-01-01,ASSAULT,22
33,2025-01-01,BATTERY,33
33,2025-01-01,BURGLARY,9
33,2025-01-01,CRIMINAL DAMAGE,10
33,2025-01-01,CRIMINAL SEXUAL ASSAULT,3
33,2025-01-01,CRIMINAL TRESPASS,7
33,2025-01-01,DECEPTIVE PRACTICE,16
33,2025-01-01,HOMICIDE,1
33,2025-01-01,INTERFERENCE WITH PUBLIC OFFICER,2
33,2025-01-01,MOTOR VEHICLE THEFT,14
33,2025-01-01,NARCOTICS,9
33,2025-01-01,OBSCENITY,1
33,2025-01-01,OFFENSE INVOLVING CHILDREN,2
33,2025-01-01,OTHER OFFENSE,14
33,2025-01-01,PUBLIC PEACE VIOLATION,1
33,2025-01-01,ROBBERY,2
33,2025-01-01,SEX OFFENSE,2
33,2025-01-01,THEFT,47
33,2025-01-01,WEAPONS VIOLATION,3
33,2025-02-01,ASSAULT,17
33,2025-02-01,BATTERY,23
33,2025-02-01,BURGLARY,7
33,2025-02-01,CONCEALED CARRY LICENSE VIOLATION,1
33,2025-02-01,CRIMINAL DAMAGE,13
33,2025-02-01,CRIMINAL SEXUAL ASSAULT,2
33,2025-02-01,CRIMINAL TRESPASS,10
33,2025-02-01,DECEPTIVE PRACTICE,12
33,2025-02-01,INTERFERENCE WITH PUBLIC OFFICER,3
33,2025-02-01,MOTOR VEHICLE THEFT,16
33,2025-02-01,NARCOTICS,2
33,2025-02-01,OTHER OFFENSE,14
33,2025-02-01,PUBLIC PEACE VIOLATION,6
33,2025-02-01,ROBBERY,5
33,2025-02-01,SEX OFFENSE,1
33,2025-02-01,STALKING,1
33,2025-02-01,THEFT,30
33,2025-02-01,WEAPONS VIOLATION,5
34,2025-01-01,ASSAULT,8
34,2025-01-01,BATTERY,8
34,2025-01-01,BURGLARY,3
34,2025-01-01,CRIMINAL DAMAGE,4
34,2025-01-01,CRIMINAL TRESPASS,1
34,2025-01-01,DECEPTIVE PRACTICE,5
34,2025-01-01,MOTOR VEHICLE THEFT,8
34,2025-01-01,OTHER OFFENSE,3
34,2025-01-01,PUBLIC PEACE VIOLATION,1
34,2025-01-01,ROBBERY,5
34,2025-01-01,THEFT,29
34,2025-02-01,ASSAULT,10
34,2025-02-01,BATTERY,10
34,2025-02-01,BURGLARY,5
34,2025-02-01,CRIMINAL DAMAGE,7
34,2025-02-01,CRIMINAL TRESPASS,1
34,2025-02-01,DECEPTIVE PRACTICE,7
34,2025-02-01,LIQUOR LAW VIOLATION,1
34,2025-02-01,MOTOR VEHICLE THEFT,8
34,2025-02-01,NARCOTICS,2
34,2025-02-01,OTHER OFFENSE,5
34,2025-02-01,ROBBERY,3
34,2025-02-01,THEFT,20
34,2025-02-01,WEAPONS VIOLATION,3
35,2025-01-01,ASSAULT,28
35,2025-01-01,BATTERY,44
35,2025-01-01,BURGLARY,2
35,2025-01-01,CRIMINAL DAMAGE,21
35,2025-01-01,CRIMINAL SEXUAL ASSAULT,4
35,2025-01-01,CRIMINAL TRESPASS,7
35,2025-01-01,DECEPTIVE PRACTICE,12
35,2025-01-01,HOMICIDE,1
35,2025-01-01,INTIMIDATION,1
35,2025-01-01,MOTOR VEHICLE THEFT,16
35,2025-01-01,NARCOTICS,4
35,2025-01-01,OBSCENITY,1
35,2025-01-01,OFFENSE INVOLVING CHILDREN,3
35,2025-01-01,OTHER OFFENSE,18
35,2025-01-01,ROBBERY,2
35,2025-01-01,STALKING,1
35,2025-01-01,THEFT,46
35,2025-01-01,WEAPONS VIOLATION,6
35,2025-02-01,ASSAULT,26
35,2025-02-01,BATTERY,35
35,2025-02-01,BURGLARY,3
35,2025-02-01,CRIMINAL DAMAGE,22
35,2025-02-01,CRIMINAL SEXUAL ASSAULT,1
35,2025-02-01,CRIMINAL TRESPASS,10
35,2025-02-01,DECEPTIVE PRACTICE,11
35,2025-02-01,MOTOR VEHICLE THEFT,25
35,2025-02-01,NARCOTICS,2
35,2025-02-01,OBSCENITY,1
35,2025-02-01,OFFENSE INVOLVING CHILDREN,1
35,2025-02-01,OTHER OFFENSE,16
35,2025-02-01,PUBLIC PEACE VIOLATION,3
35,2025-02-01,ROBBERY,3
35,2025-02-01,SEX OFFENSE,1
35,2025-02-01,THEFT,40
35,2025-02-01,WEAPONS VIOLATION,3
36,2025-01-01,ASSAULT,6
36,2025-01-01,BATTERY,7
36,2025-01-01,BURGLARY,1
36,2025-01-01,CRIMINAL DAMAGE,4
36,2025-01-01,CRIMINAL TRESPASS,1
36,2025-01-01,DECEPTIVE PRACTICE,1
36,2025-01-01,MOTOR VEHICLE THEFT,7
36,2025-01-01,NARCOTICS,1
36,2025-01-01,OFFENSE INVOLVING CHILDREN,2
36,2025-01-01,OTHER OFFENSE,1
36,2025-01-01,ROBBERY,2
36,2025-01-01,THEFT,10
36,2025-01-01,WEAPONS VIOLATION,2
36,2025-02-01,ASSAULT,2
36,2025-02-01,BATTERY,8
36,2025-02-01,CRIMINAL DAMAGE,8
36,2025-02-01,DECEPTIVE PRACTICE,3
36,2025-02-01,MOTOR VEHICLE THEFT,9
36,2025-02-01,NARCOTICS,1
36,2025-02-01,OTHER OFFENSE,3
36,2025-02-01,ROBBERY,1
36,2025-02-01,THEFT,13
36,2025-02-01,WEAPONS VIOLATION,2
37,2025-01-01,ASSAULT,6
37,2025-01-01,BATTERY,7
37,2025-01-01,BURGLARY,2
37,2025-01-01,CRIMINAL DAMAGE,6
37,2025-01-01,CRIMINAL TRESPASS,2
37,2025-01-01,DECEPTIVE PRACTICE,1
37,2025-01-01,MOTOR VEHICLE THEFT,4
37,2025-01-01,NARCOTICS,2
37,2025-01-01,OTHER OFFENSE,4
37,2025-01-01,PUBLIC PEACE VIOLATION,1
37,2025-01-01,ROBBERY,6
37,2025-01-01,THEFT,9
37,2025-01-01,WEAPONS VIOLATION,2
37,2025-02-01,ASSAULT,6
37,2025-02-01,BATTERY,6
37,2025-02-01,BURGLARY,1
37,2025-02-01,CRIMINAL DAMAGE,5
37,2025-02-01,DECEPTIVE PRACTICE,2
37,2025-02-01,MOTOR VEHICLE THEFT,4
37,2025-02-01,OTHER OFFENSE,2
37,2025-02-01,ROBBERY,2
37,2025-02-01,THEFT,9
37,2025-02-01,WEAPONS VIOLATION,2
38,2025-01-01,ASSAULT,37
38,2025-01-01,BATTERY,44
38,2025-01-01,BURGLARY,5
38,2025-01-01,CONCEALED CARRY LICENSE VIOLATION,1
38,2025-01-01,CRIMINAL DAMAGE,34
38,2025-01-01,CRIMINAL SEXUAL ASSAULT,2
38,2025-01-01,CRIMINAL TRESPASS,6
38,2025-01-01,DECEPTIVE PRACTICE,14
38,2025-01-01,INTERFERENCE WITH PUBLIC OFFICER,1
38,2025-01-01,INTIMIDATION,1
38,2025-01-01,MOTOR VEHICLE THEFT,34
38,2025-01-01,NARCOTICS,8
38,2025-01-01,OFFENSE INVOLVING CHILDREN,3
38,2025-01-01,OTHER OFFENSE,24
38,2025-01-01,PROSTITUTION,2
38,2025-01-01,PUBLIC PEACE VIOLATION,2
38,2025-01-01,ROBBERY,9
38,2025-01-01,SEX OFFENSE,2
38,2025-01-01,STALKING,3
38,2025-01-01,THEFT,51
38,2025-01-01,WEAPONS VIOLATION,14
38,2025-02-01,ASSAULT,24
38,2025-02-01,BATTERY,47
38,2025-02-01,BURGLARY,7
38,2025-02-01,CRIMINAL DAMAGE,14
38,2025-02-01,CRIMINAL SEXUAL ASSAULT,1
38,2025-02-01,CRIMINAL TRESPASS,5
38,2025-02-01,DECEPTIVE PRACTICE,12
38,2025-02-01,MOTOR VEHICLE THEFT,27
38,2025-02-01,NARCOTICS,4
38,2025-02-01,OFFENSE INVOLVING CHILDREN,3
38,2025-02-01,OTHER OFFENSE,18
38,2025-02-01,PROSTITUTION,2
38,2025-02-01,PUBLIC PEACE VIOLATION,1
38,2025-02-01,ROBBERY,6
38,2025-02-01,STALKING,1
38,2025-02-01,THEFT,36
38,2025-02-01,WEAPONS VIOLATION,7
39,2025-01-01,ARSON,1
39,2025-01-01,ASSAULT,19
39,2025-01-01,BATTERY,20
39,2025-01-01,BURGLARY,2
39,2025-01-01,CRIMINAL DAMAGE,19
39,2025-01-01,CRIMINAL SEXUAL ASSAULT,1
39,2025-01-01,CRIMINAL TRESPASS,3
39,2025-01-01,DECEPTIVE PRACTICE,8
39,2025-01-01,INTERFERENCE WITH PUBLIC OFFICER,2
39,2025-01-01,MOTOR VEHICLE THEFT,10
39,2025-01-01,NARCOTICS,1
39,2025-01-01,OFFENSE INVOLVING CHILDREN,2
39,2025-01-01,OTHER OFFENSE,16
39,2025-01-01,ROBBERY,1
39,2025-01-01,STALKING,1
39,2025-01-01,THEFT,38
39,2025-01-01,WEAPONS VIOLATION,2
39,2025-02-01,ASSAULT,11
39,2025-02-01,BATTERY,18
39,2025-02-01,BURGLARY,6
39,2025-02-01,CRIMINAL DAMAGE,12
39,2025-02-01,CRIMINAL SEXUAL ASSAULT,1
39,2025-02-01,CRIMINAL TRESPASS,1
39,2025-02-01,DECEPTIVE PRACTICE,7
39,2025-02-01,INTIMIDATION,1
39,2025-02-01,MOTOR VEHICLE THEFT,6
39,2025-02-01,NARCOTICS,1
39,2025-02-01,OFFENSE INVOLVING CHILDREN,3
39,2025-02-01,OTHER OFFENSE,11
39,2025-02-01,PUBLIC PEACE VIOLATION,1
39,2025-02-01,ROBBERY,2
39,2025-02-01,THEFT,28
39,2025-02-01,WEAPONS VIOLATION,1
40,2025-01-01,ASSAULT,16
40,2025-01-01,BATTERY,42
40,2025-01-01,BURGLARY,3
40,2025-01-01,CONCEALED CARRY LICENSE VIOLATION,1
40,2025-01-01,CRIMINAL DAMAGE,21
40,2025-01-01,CRIMINAL SEXUAL ASSAULT,3
40,2025-01-01,CRIMINAL TRESPASS,4
40,2025-01-01,DECEPTIVE PRACTICE,6
40,2025-01-01,HOMICIDE,3
40,2025-01-01,INTERFERENCE WITH PUBLIC OFFICER,1
40,2025-01-01,KIDNAPPING,1
40,2025-01-01,MOTOR VEHICLE THEFT,16
40,2025-01-01,NARCOTICS,3
40,2025-01-01,OFFENSE INVOLVING CHILDREN,1
40,2025-01-01,OTHER OFFENSE,23
40,2025-01-01,ROBBERY,4
40,2025-01-01,STALKING,4
40,2025-01-01,THEFT,15
40,2025-01-01,WEAPONS VIOLATION,8
40,2025-02-01,ARSON,1
40,2025-02-01,ASSAULT,12
40,2025-02-01,BATTERY,35
40,2025-02-01,BURGLARY,2
40,2025-02-01,CRIMINAL DAMAGE,15
40,2025-02-01,CRIMINAL SEXUAL ASSAULT,1
40,2025-02-01,CRIMINAL TRESPASS,8
40,2025-02-01,DECEPTIVE PRACTICE,9
40,2025-02-01,INTERFERENCE WITH PUBLIC OFFICER,2
40,2025-02-01,MOTOR VEHICLE THEFT,15
40,2025-02-01,NARCOTICS,1
40,2025-02-01,OTHER OFFENSE,9
40,2025-02-01,PUBLIC PEACE VIOLATION,1
40,2025-02-01,ROBBERY,3
40,2025-02-01,THEFT,23
40,2025-02-01,WEAPONS VIOLATION,5
41,2025-01-01,ASSAULT,21
41,2025-01-01,BATTERY,16
41,2025-01-01,BURGLARY,10
41,2025-01-01,CRIMINAL DAMAGE,23
41,2025-01-01,CRIMINAL SEXUAL ASSAULT,2
41,2025-01-01,CRIMINAL TRESPASS,3
41,2025-01-01,DECEPTIVE PRACTICE,20
41,2025-01-01,MOTOR VEHICLE THEFT,18
41,2025-01-01,NARCOTICS,1
41,2025-01-01,OBSCENITY,1
41,2025-01-01,OFFENSE INVOLVING CHILDREN,1
41,2025-01-01,OTHER OFFENSE,11
41,2025-01-01,ROBBERY,3
41,2025-01-01,SEX OFFENSE,1
41,2025-01-01,THEFT,91
41,2025-01-01,WEAPONS VIOLATION,2
41,2025-02-01,ASSAULT,4
41,2025-02-01,BATTERY,14
41,2025-02-01,BURGLARY,4
41,2025-02-01,CRIMINAL DAMAGE,17
41,2025-02-01,CRIMINAL SEXUAL ASSAULT,1
41,2025-02-01,CRIMINAL TRESPASS,5
41,2025-02-01,DECEPTIVE PRACTICE,19
41,2025-02-01,MOTOR VEHICLE THEFT,10
41,2025-02-01,OTHER OFFENSE,10
41,2025-02-01,ROBBERY,3
41,2025-02-01,SEX OFFENSE,1
41,2025-02-01,STALKING,1
41,2025-02-01,THEFT,90
41,2025-02-01,WEAPONS VIOLATION,1
42,2025-01-01,ASSAULT,40
42,2025-01-01,BATTERY,64
42,2025-01-01,BURGLARY,7
42,2025-01-01,CRIMINAL DAMAGE,23
42,2025-01-01,CRIMINAL SEXUAL ASSAULT,3
42,2025-01-01,CRIMINAL TRESPASS,8
42,2025-01-01,DECEPTIVE PRACTICE,15
42,2025-01-01,INTERFERENCE WITH PUBLIC OFFICER,1
42,2025-01-01,LIQUOR LAW VIOLATION,1
42,2025-01-01,MOTOR VEHICLE THEFT,17
42,2025-01-01,OBSCENITY,1
42,2025-01-01,OFFENSE INVOLVING CHILDREN,2
42,2025-01-01,OTHER OFFENSE,31
42,2025-01-01,ROBBERY,6
42,2025-01-01,SEX OFFENSE,1
42,2025-01-01,THEFT,53
42,2025-01-01,WEAPONS VIOLATION,11
42,2025-02-01,ASSAULT,20
42,2025-02-01,BATTERY,42
42,2025-02-01,BURGLARY,8
42,2025-02-01,CONCEALED CARRY LICENSE VIOLATION,1
42,2025-02-01,CRIMINAL DAMAGE,21
42,2025-02-01,CRIMINAL SEXUAL ASSAULT,2
42,2025-02-01,CRIMINAL TRESPASS,2
42,2025-02-01,DECEPTIVE PRACTICE,32
42,2025-02-01,HOMICIDE,1
42,2025-02-01,INTERFERENCE WITH PUBLIC OFFICER,1
42,2025-02-01,MOTOR VEHICLE THEFT,17
42,2025-02-01,NARCOTICS,11
42,2025-02-01,OFFENSE INVOLVING CHILDREN,2
42,2025-02-01,OTHER OFFENSE,17
42,2025-02-01,PUBLIC PEACE VIOLATION,1
42,2025-02-01,ROBBERY,1
42,2025-02-01,SEX OFFENSE,5
42,2025-02-01,THEFT,52
42,2025-02-01,WEAPONS VIOLATION,8
43,2025-01-01,ARSON,3
43,2025-01-01,ASSAULT,83
43,2025-01-01,BATTERY,137
43,2025-01-01,BURGLARY,19
43,2025-01-01,CRIMINAL DAMAGE,85
43,2025-01-01,CRIMINAL SEXUAL ASSAULT,5
43,2025-01-01,CRIMINAL TRESPASS,12
43,2025-01-01,DECEPTIVE PRACTICE,28
43,2025-01-01,HOMICIDE,2
43,2025-01-01,INTERFERENCE WITH PUBLIC OFFICER,1
43,2025-01-01,MOTOR VEHICLE THEFT,31
43,2025-01-01,NARCOTICS,14
43,2025-01-01,OFFENSE INVOLVING CHILDREN,6
43,2025-01-01,OTHER OFFENSE,52
43,2025-01-01,ROBBERY,18
43,2025-01-01,SEX OFFENSE,2
43,2025-01-01,STALKING,2
43,2025-01-01,THEFT,111
43,2025-01-01,WEAPONS VIOLATION,26
43,2025-02-01,ARSON,1
43,2025-02-01,ASSAULT,62
43,2025-02-01,BATTERY,128
43,2025-02-01,BURGLARY,22
43,2025-02-01,CRIMINAL DAMAGE,61
43,2025-02-01,CRIMINAL SEXUAL ASSAULT,3
43,2025-02-01,CRIMINAL TRESPASS,4
43,2025-02-01,DECEPTIVE PRACTICE,18
43,2025-02-01,INTERFERENCE WITH PUBLIC OFFICER,3
43,2025-02-01,MOTOR VEHICLE THEFT,28
43,2025-02-01,NARCOTICS,8
43,2025-02-01,OFFENSE INVOLVING CHILDREN,2
43,2025-02-01,OTHER OFFENSE,41
43,2025-02-01,PUBLIC PEACE VIOLATION,1
43,2025-02-01,ROBBERY,12
43,2025-02-01,SEX OFFENSE,3
43,2025-02-01,STALKING,4
43,2025-02-01,THEFT,119
43,2025-02-01,WEAPONS VIOLATION,18
44,2025-01-01,ARSON,1
44,2025-01-01,ASSAULT,47
44,2025-01-01,BATTERY,61
44,2025-01-01,BURGLARY,18
44,2025-01-01,CRIMINAL DAMAGE,50
44,2025-01-01,CRIMINAL SEXUAL ASSAULT,2
44,2025-01-01,CRIMINAL TRESPASS,8
44,2025-01-01,DECEPTIVE PRACTICE,18
44,2025-01-01,HOMICIDE,1
44,2025-01-01,INTERFERENCE WITH PUBLIC OFFICER,1
44,2025-01-01,MOTOR VEHICLE THEFT,24
44,2025-01-01,NARCOTICS,3
44,2025-01-01,OFFENSE INVOLVING CHILDREN,2
44,2025-01-01,OTHER OFFENSE,41
44,2025-01-01,ROBBERY,20
44,2025-01-01,THEFT,89
44,2025-01-01,WEAPONS VIOLATION,10
44,2025-02-01,ASSAULT,27
44,2025-02-01,BATTERY,70
44,2025-02-01,BURGLARY,16
44,2025-02-01,CRIMINAL DAMAGE,42
44,2025-02-01,CRIMINAL SEXUAL ASSAULT,3
44,2025-02-01,CRIMINAL TRESPASS,7
44,2025-02-01,DECEPTIVE PRACTICE,23
44,2025-02-01,HOMICIDE,1
44,2025-02-01,INTERFERENCE WITH PUBLIC OFFICER,5
44,2025-02-01,MOTOR VEHICLE THEFT,27
44,2025-02-01,NARCOTICS,4
44,2025-02-01,OFFENSE INVOLVING CHILDREN,2
44,2025-02-01,OTHER NARCOTIC VIOLATION,1
44,2025-02-01,OTHER OFFENSE,25
44,2025-02-01,ROBBERY,16
44,2025-02-01,SEX OFFENSE,2
44,2025-02-01,THEFT,125
44,2025-02-01,WEAPONS VIOLATION,11
45,2025-01-01,ARSON,1
45,2025-01-01,ASSAULT,6
45,2025-01-01,BATTERY,14
45,2025-01-01,BURGLARY,6
45,2025-01-01,CRIMINAL DAMAGE,19
45,2025-01-01,CRIMINAL SEXUAL ASSAULT,1
45,2025-01-01,DECEPTIVE PRACTICE,8
45,2025-01-01,INTERFERENCE WITH PUBLIC OFFICER,1
45,2025-01-01,MOTOR VEHICLE THEFT,2
45,2025-01-01,NARCOTICS,1
45,2025-01-01,OFFENSE INVOLVING CHILDREN,1
45,2025-01-01,OTHER OFFENSE,6
45,2025-01-01,SEX OFFENSE,2
45,2025-01-01,THEFT,11
45,2025-01-01,WEAPONS VIOLATION,1
45,2025-02-01,ASSAULT,11
45,2025-02-01,BATTERY,14
45,2025-02-01,BURGLARY,3
45,2025-02-01,CRIMINAL DAMAGE,9
45,2025-02-01,CRIMINAL TRESPASS,3
45,2025-02-01,DECEPTIVE PRACTICE,4
45,2025-02-01,MOTOR VEHICLE THEFT,13
45,2025-02-01,OFFENSE INVOLVING CHILDREN,1
45,2025-02-01,OTHER OFFENSE,11
45,2025-02-01,PUBLIC PEACE VIOLATION,1
45,2025-02-01,ROBBERY,7
45,2025-02-01,STALKING,1
45,2025-02-01,THEFT,9
46,2025-01-01,ARSON,4
46,2025-01-01,ASSAULT,32
46,2025-01-01,BATTERY,56
46,2025-01-01,BURGLARY,11
46,2025-01-01,CRIMINAL DAMAGE,39
46,2025-01-01,CRIMINAL SEXUAL ASSAULT,1
46,2025-01-01,CRIMINAL TRESPASS,2
46,2025-01-01,DECEPTIVE PRACTICE,10
46,2025-01-01,HOMICIDE,2
46,2025-01-01,INTERFERENCE WITH PUBLIC OFFICER,2
46,2025-01-01,MOTOR VEHICLE THEFT,27
46,2025-01-01,NARCOTICS,6
46,2025-01-01,OBSCENITY,1
46,2025-01-01,OFFENSE INVOLVING CHILDREN,3
46,2025-01-01,OTHER OFFENSE,19
46,2025-01-01,ROBBERY,8
46,2025-01-01,SEX OFFENSE,1
46,2025-01-01,STALKING,1
46,2025-01-01,THEFT,32
46,2025-01-01,WEAPONS VIOLATION,9
46,2025-02-01,ASSAULT,23
46,2025-02-01,BATTERY,50
46,2025-02-01,BURGLARY,13
46,2025-02-01,CONCEALED CARRY LICENSE VIOLATION,1
46,2025-02-01,CRIMINAL DAMAGE,35
46,2025-02-01,CRIMINAL TRESPASS,4
46,2025-02-01,DECEPTIVE PRACTICE,15
46,2025-02-01,HOMICIDE,1
46,2025-02-01,MOTOR VEHICLE THEFT,23
46,2025-02-01,NARCOTICS,2
46,2025-02-01,OFFENSE INVOLVING CHILDREN,2
46,2025-02-01,OTHER NARCOTIC VIOLATION,1
46,2025-02-01,OTHER OFFENSE,24
46,2025-02-01,PUBLIC PEACE VIOLATION,1
46,2025-02-01,ROBBERY,7
46,2025-02-01,THEFT,33
46,2025-02-01,WEAPONS VIOLATION,4
47,2025-01-01,BATTERY,8
47,2025-01-01,BURGLARY,1
47,2025-01-01,CRIMINAL DAMAGE,2
47,2025-01-01,CRIMINAL TRESPASS,1
47,2025-01-01,MOTOR VEHICLE THEFT,1
47,2025-01-01,OFFENSE INVOLVING CHILDREN,1
47,2025-01-01,OTHER OFFENSE,3
47,2025-01-01,ROBBERY,1
47,2025-01-01,THEFT,2
47,2025-01-01,WEAPONS VIOLATION,1
47,2025-02-01,ASSAULT,3
47,2025-02-01,BATTERY,4
47,2025-02-01,CRIMINAL SEXUAL ASSAULT,1
47,2025-02-01,MOTOR VEHICLE THEFT,2
47,2025-02-01,OFFENSE INVOLVING CHILDREN,1
47,2025-02-01,OTHER OFFENSE,2
47,2025-02-01,PUBLIC PEACE VIOLATION,1
47,2025-02-01,ROBBERY,1
47,2025-02-01,SEX OFFENSE,1
47,2025-02-01,THEFT,1
48,2025-01-01,ASSAULT,8
48,2025-01-01,BATTERY,19
48,2025-01-01,CRIMINAL DAMAGE,12
48,2025-01-01,DECEPTIVE PRACTICE,6
48,2025-01-01,INTERFERENCE WITH PUBLIC OFFICER,1
48,2025-01-01,MOTOR VEHICLE THEFT,13
48,2025-01-01,OFFENSE INVOLVING CHILDREN,1
48,2025-01-01,OTHER OFFENSE,6
48,2025-01-01,ROBBERY,2
48,2025-01-01,SEX OFFENSE,2
48,2025-01-01,STALKING,2
48,2025-01-01,THEFT,21
48,2025-01-01,WEAPONS VIOLATION,2
48,2025-02-01,ASSAULT,8
48,2025-02-01,BATTERY,22
48,2025-02-01,CRIMINAL DAMAGE,24
48,2025-02-01,CRIMINAL TRESPASS,2
48,2025-02-01,DECEPTIVE PRACTICE,5
48,2025-02-01,MOTOR VEHICLE THEFT,26
48,2025-02-01,OBSCENITY,1
48,2025-02-01,OTHER OFFENSE,7
48,2025-02-01,ROBBERY,1
48,2025-02-01,SEX OFFENSE,2
48,2025-02-01,STALKING,1
48,2025-02-01,THEFT,18
48,2025-02-01,WEAPONS VIOLATION,1
49,2025-01-01,ARSON,1
49,2025-01-01,ASSAULT,33
49,2025-01-01,BATTERY,93
49,2025-01-01,BURGLARY,14
49,2025-01-01,CRIMINAL DAMAGE,68
49,2025-01-01,CRIMINAL SEXUAL ASSAULT,4
49,2025-01-01,CRIMINAL TRESPASS,5
49,2025-01-01,DECEPTIVE PRACTICE,19
49,2025-01-01,HOMICIDE,2
49,2025-01-01,INTERFERENCE WITH PUBLIC OFFICER,6
49,2025-01-01,INTIMIDATION,1
49,2025-01-01,MOTOR VEHICLE THEFT,53
49,2025-01-01,NARCOTICS,9
49,2025-01-01,OFFENSE INVOLVING CHILDREN,4
49,2025-01-01,OTHER OFFENSE,61
49,2025-01-01,PROSTITUTION,3
49,2025-01-01,ROBBERY,10
49,2025-01-01,SEX OFFENSE,3
49,2025-01-01,THEFT,74
49,2025-01-01,WEAPONS VIOLATION,12
49,2025-02-01,ARSON,1
49,2025-02-01,ASSAULT,34
49,2025-02-01,BATTERY,67
49,2025-02-01,BURGLARY,10
49,2025-02-01,CRIMINAL DAMAGE,49
49,2025-02-01,CRIMINAL SEXUAL ASSAULT,4
49,2025-02-01,CRIMINAL TRESPASS,3
49,2025-02-01,DECEPTIVE PRACTICE,30
49,2025-02-01,HOMICIDE,3
49,2025-02-01,MOTOR VEHICLE THEFT,37
49,2025-02-01,NARCOTICS,6
49,2025-02-01,OFFENSE INVOLVING CHILDREN,7
49,2025-02-01,OTHER OFFENSE,45
49,2025-02-01,PROSTITUTION,1
49,2025-02-01,PUBLIC PEACE VIOLATION,1
49,2025-02-01,ROBBERY,10
49,2025-02-01,SEX OFFENSE,2
49,2025-02-01,THEFT,58
49,2025-02-01,WEAPONS VIOLATION,12
50,2025-01-01,ASSAULT,12
50,2025-01-01,BATTERY,13
50,2025-01-01,BURGLARY,1
50,2025-01-01,CRIMINAL DAMAGE,7
50,2025-01-01,CRIMINAL SEXUAL ASSAULT,1
50,2025-01-01,CRIMINAL TRESPASS,2
50,2025-01-01,DECEPTIVE PRACTICE,5
50,2025-01-01,MOTOR VEHICLE THEFT,9
50,2025-01-01,NARCOTICS,1
50,2025-01-01,OFFENSE INVOLVING CHILDREN,2
50,2025-01-01,OTHER OFFENSE,6
50,2025-01-01,THEFT,31
50,2025-02-01,ASSAULT,15
50,2025-02-01,BATTERY,11
50,2025-02-01,CRIMINAL DAMAGE,6
50,2025-02-01,CRIMINAL TRESPASS,3
50,2025-02-01,DECEPTIVE PRACTICE,2
50,2025-02-01,INTERFERENCE WITH PUBLIC OFFICER,2
50,2025-02-01,MOTOR VEHICLE THEFT,7
50,2025-02-01,NARCOTICS,2
50,2025-02-01,OTHER OFFENSE,11
50,2025-02-01,THEFT,37
50,2025-02-01,WEAPONS VIOLATION,5
51,2025-01-01,ARSON,1
51,2025-01-01,ASSAULT,12
51,2025-01-01,BATTERY,31
51,2025-01-01,BURGLARY,2
51,2025-01-01,CRIMINAL DAMAGE,14
51,2025-01-01,CRIMINAL TRESPASS,3
51,2025-01-01,DECEPTIVE PRACTICE,6
51,2025-01-01,MOTOR VEHICLE THEFT,12
51,2025-01-01,NARCOTICS,2
51,2025-01-01,OFFENSE INVOLVING CHILDREN,1
51,2025-01-01,OTHER OFFENSE,6
51,2025-01-01,PUBLIC INDECENCY,1
51,2025-01-01,ROBBERY,3
51,2025-01-01,SEX OFFENSE,1
51,2025-01-01,THEFT,42
51,2025-01-01,WEAPONS VIOLATION,4
51,2025-02-01,ASSAULT,10
51,2025-02-01,BATTERY,22
51,2025-02-01,CRIMINAL DAMAGE,22
51,2025-02-01,CRIMINAL TRESPASS,2
51,2025-02-01,DECEPTIVE PRACTICE,12
51,2025-02-01,INTERFERENCE WITH PUBLIC OFFICER,1
51,2025-02-01,MOTOR VEHICLE THEFT,5
51,2025-02-01,NARCOTICS,3
51,2025-02-01,OFFENSE INVOLVING CHILDREN,4
51,2025-02-01,OTHER OFFENSE,7
51,2025-02-01,PUBLIC PEACE VIOLATION,2
51,2025-02-01,ROBBERY,4
51,2025-02-01,SEX OFFENSE,1
51,2025-02-01,THEFT,24
51,2025-02-01,WEAPONS VIOLATION,4
52,2025-01-01,ASSAULT,13
52,2025-01-01,BATTERY,14
52,2025-01-01,CRIMINAL DAMAGE,11
52,2025-01-01,CRIMINAL TRESPASS,2
52,2025-01-01,DECEPTIVE PRACTICE,1
52,2025-01-01,INTERFERENCE WITH PUBLIC OFFICER,1
52,2025-01-01,LIQUOR LAW VIOLATION,1
52,2025-01-01,MOTOR VEHICLE THEFT,14
52,2025-01-01,NARCOTICS,3
52,2025-01-01,OFFENSE INVOLVING CHILDREN,3
52,2025-01-01,OTHER OFFENSE,12
52,2025-01-01,ROBBERY,1
52,2025-01-01,THEFT,25
52,2025-01-01,WEAPONS VIOLATION,3
52,2025-02-01,ASSAULT,9
52,2025-02-01,BATTERY,21
52,2025-02-01,BURGLARY,3
52,2025-02-01,CRIMINAL DAMAGE,7
52,2025-02-01,CRIMINAL TRESPASS,2
52,2025-02-01,DECEPTIVE PRACTICE,2
52,2025-02-01,MOTOR VEHICLE THEFT,7
52,2025-02-01,NARCOTICS,1
52,2025-02-01,OFFENSE INVOLVING CHILDREN,1
52,2025-02-01,OTHER OFFENSE,6
52,2025-02-01,PUBLIC PEACE VIOLATION,1
52,2025-02-01,THEFT,21
53,2025-01-01,ARSON,1
53,2025-01-01,ASSAULT,25
53,2025-01-01,BATTERY,35
53,2025-01-01,BURGLARY,5
53,2025-01-01,CRIMINAL DAMAGE,46
53,2025-01-01,CRIMINAL SEXUAL ASSAULT,3
53,2025-01-01,CRIMINAL TRESPASS,4
53,2025-01-01,DECEPTIVE PRACTICE,23
53,2025-01-01,INTERFERENCE WITH PUBLIC OFFICER,4
53,2025-01-01,MOTOR VEHICLE THEFT,23
53,2025-01-01,NARCOTICS,8
53,2025-01-01,OFFENSE INVOLVING CHILDREN,2
53,2025-01-01,OTHER OFFENSE,32
53,2025-01-01,ROBBERY,5
53,2025-01-01,STALKING,2
53,2025-01-01,THEFT,39
53,2025-01-01,WEAPONS VIOLATION,7
53,2025-02-01,ARSON,2
53,2025-02-01,ASSAULT,30
53,2025-02-01,BATTERY,50
53,2025-02-01,BURGLARY,7
53,2025-02-01,CRIMINAL DAMAGE,27
53,2025-02-01,CRIMINAL TRESPASS,4
53,2025-02-01,DECEPTIVE PRACTICE,20
53,2025-02-01,HOMICIDE,2
53,2025-02-01,INTERFERENCE WITH PUBLIC OFFICER,4
53,2025-02-01,KIDNAPPING,1
53,2025-02-01,MOTOR VEHICLE THEFT,16
53,2025-02-01,NARCOTICS,5
53,2025-02-01,OFFENSE INVOLVING CHILDREN,1
53,2025-02-01,OTHER OFFENSE,27
53,2025-02-01,PUBLIC PEACE VIOLATION,1
53,2025-02-01,ROBBERY,4
53,2025-02-01,SEX OFFENSE,2
53,2025-02-01,THEFT,40
53,2025-02-01,WEAPONS VIOLATION,8
54,2025-01-01,ARSON,1
54,2025-01-01,ASSAULT,10
54,2025-01-01,BATTERY,27
54,2025-01-01,BURGLARY,1
54,2025-01-01,CRIMINAL DAMAGE,8
54,2025-01-01,CRIMINAL TRESPASS,1
54,2025-01-01,DECEPTIVE PRACTICE,1
54,2025-01-01,HOMICIDE,1
54,2025-01-01,MOTOR VEHICLE THEFT,12
54,2025-01-01,NARCOTICS,1
54,2025-01-01,OFFENSE INVOLVING CHILDREN,2
54,2025-01-01,OTHER OFFENSE,6
54,2025-01-01,PUBLIC PEACE VIOLATION,1
54,2025-01-01,ROBBERY,1
54,2025-01-01,THEFT,11
54,2025-01-01,WEAPONS VIOLATION,2
54,2025-02-01,ARSON,1
54,2025-02-01,ASSAULT,5
54,2025-02-01,BATTERY,17
54,2025-02-01,BURGLARY,1
54,2025-02-01,CRIMINAL DAMAGE,7
54,2025-02-01,CRIMINAL SEXUAL ASSAULT,1
54,2025-02-01,DECEPTIVE PRACTICE,2
54,2025-02-01,MOTOR VEHICLE THEFT,11
54,2025-02-01,OFFENSE INVOLVING CHILDREN,2
54,2025-02-01,OTHER OFFENSE,6
54,2025-02-01,ROBBERY,4
54,2025-02-01,THEFT,12
54,2025-02-01,WEAPONS VIOLATION,4
55,2025-01-01,ASSAULT,7
55,2025-01-01,BATTERY,12
55,2025-01-01,BURGLARY,1
55,2025-01-01,CRIMINAL DAMAGE,6
55,2025-01-01,DECEPTIVE PRACTICE,4
55,2025-01-01,MOTOR VEHICLE THEFT,8
55,2025-01-01,OTHER OFFENSE,9
55,2025-01-01,ROBBERY,1
55,2025-01-01,SEX OFFENSE,1
55,2025-01-01,THEFT,17
55,2025-01-01,WEAPONS VIOLATION,3
55,2025-02-01,ASSAULT,4
55,2025-02-01,BATTERY,6
55,2025-02-01,BURGLARY,2
55,2025-02-01,CRIMINAL DAMAGE,11
55,2025-02-01,CRIMINAL TRESPASS,1
55,2025-02-01,DECEPTIVE PRACTICE,1
55,2025-02-01,KIDNAPPING,1
55,2025-02-01,MOTOR VEHICLE THEFT,12
55,2025-02-01,OTHER OFFENSE,1
55,2025-02-01,SEX OFFENSE,1
55,2025-02-01,THEFT,12
56,2025-01-01,ASSAULT,7
56,2025-01-01,BATTERY,17
56,2025-01-01,BURGLARY,4
56,2025-01-01,CONCEALED CARRY LICENSE VIOLATION,3
56,2025-01-01,CRIMINAL DAMAGE,32
56,2025-01-01,CRIMINAL TRESPASS,1
56,2025-01-01,DECEPTIVE PRACTICE,15
56,2025-01-01,INTERFERENCE WITH PUBLIC OFFICER,1
56,2025-01-01,LIQUOR LAW VIOLATION,1
56,2025-01-01,MOTOR VEHICLE THEFT,17
56,2025-01-01,NARCOTICS,4
56,2025-01-01,OFFENSE INVOLVING CHILDREN,1
56,2025-01-01,OTHER OFFENSE,17
56,2025-01-01,PUBLIC PEACE VIOLATION,2
56,2025-01-01,ROBBERY,8
56,2025-01-01,SEX OFFENSE,1
56,2025-01-01,STALKING,1
56,2025-01-01,THEFT,28
56,2025-01-01,WEAPONS VIOLATION,3
56,2025-02-01,ARSON,1
56,2025-02-01,ASSAULT,10
56,2025-02-01,BATTERY,23
56,2025-02-01,BURGLARY,3
56,2025-02-01,CRIMINAL DAMAGE,24
56,2025-02-01,CRIMINAL SEXUAL ASSAULT,1
56,2025-02-01,CRIMINAL TRESPASS,4
56,2025-02-01,DECEPTIVE PRACTICE,15
56,2025-02-01,INTERFERENCE WITH PUBLIC OFFICER,1
56,2025-02-01,MOTOR VEHICLE THEFT,10
56,2025-02-01,NARCOTICS,3
56,2025-02-01,OFFENSE INVOLVING CHILDREN,2
56,2025-02-01,OTHER OFFENSE,10
56,2025-02-01,PROSTITUTION,1
56,2025-02-01,PUBLIC PEACE VIOLATION,1
56,2025-02-01,ROBBERY,1
56,2025-02-01,THEFT,16
56,2025-02-01,WEAPONS VIOLATION,2
57,2025-01-01,ASSAULT,4
57,2025-01-01,BATTERY,8
57,2025-01-01,BURGLARY,3
57,2025-01-01,CRIMINAL DAMAGE,4
57,2025-01-01,CRIMINAL TRESPASS,2
57,2025-01-01,DECEPTIVE PRACTICE,8
57,2025-01-01,MOTOR VEHICLE THEFT,9
57,2025-01-01,OFFENSE INVOLVING CHILDREN,1
57,2025-01-01,OTHER OFFENSE,6
57,2025-01-01,ROBBERY,4
57,2025-01-01,THEFT,39
57,2025-01-01,WEAPONS VIOLATION,1
57,2025-02-01,ASSAULT,3
57,2025-02-01,BATTERY,16
57,2025-02-01,BURGLARY,5
57,2025-02-01,CRIMINAL DAMAGE,6
57,2025-02-01,CRIMINAL TRESPASS,2
57,2025-02-01,DECEPTIVE PRACTICE,11
57,2025-02-01,MOTOR VEHICLE THEFT,9
57,2025-02-01,NARCOTICS,2
57,2025-02-01,OTHER OFFENSE,6
57,2025-02-01,ROBBERY,1
57,2025-02-01,SEX OFFENSE,1
57,2025-02-01,THEFT,34
57,2025-02-01,WEAPONS VIOLATION,3
58,2025-01-01,ASSAULT,12
58,2025-01-01,BATTERY,26
58,2025-01-01,BURGLARY,6
58,2025-01-01,CRIMINAL DAMAGE,22
58,2025-01-01,CRIMINAL TRESPASS,2
58,2025-01-01,DECEPTIVE PRACTICE,13
58,2025-01-01,MOTOR VEHICLE THEFT,12
58,2025-01-01,NARCOTICS,1
58,2025-01-01,OFFENSE INVOLVING CHILDREN,4
58,2025-01-01,OTHER OFFENSE,10
58,2025-01-01,PUBLIC PEACE VIOLATION,1
58,2025-01-01,ROBBERY,2
58,2025-01-01,THEFT,28
58,2025-01-01,WEAPONS VIOLATION,5
58,2025-02-01,ASSAULT,11
58,2025-02-01,BATTERY,33
58,2025-02-01,BURGLARY,3
58,2025-02-01,CONCEALED CARRY LICENSE VIOLATION,1
58,2025-02-01,CRIMINAL DAMAGE,15
58,2025-02-01,CRIMINAL TRESPASS,4
58,2025-02-01,DECEPTIVE PRACTICE,11
58,2025-02-01,MOTOR VEHICLE THEFT,10
58,2025-02-01,NARCOTICS,1
58,2025-02-01,OTHER OFFENSE,17
58,2025-02-01,ROBBERY,1
58,2025-02-01,THEFT,22
58,2025-02-01,WEAPONS VIOLATION,2
59,2025-01-01,ASSAULT,8
59,2025-01-01,BATTERY,13
59,2025-01-01,BURGLARY,7
59,2025-01-01,CRIMINAL DAMAGE,7
59,2025-01-01,CRIMINAL SEXUAL ASSAULT,1
59,2025-01-01,DECEPTIVE PRACTICE,8
59,2025-01-01,LIQUOR LAW VIOLATION,1
59,2025-01-01,MOTOR VEHICLE THEFT,7
59,2025-01-01,OTHER OFFENSE,4
59,2025-01-01,ROBBERY,5
59,2025-01-01,THEFT,31
59,2025-01-01,WEAPONS VIOLATION,3
59,2025-02-01,ASSAULT,6
59,2025-02-01,BATTERY,8
59,2025-02-01,BURGLARY,1
59,2025-02-01,CRIMINAL DAMAGE,2
59,2025-02-01,CRIMINAL TRESPASS,2
59,2025-02-01,DECEPTIVE PRACTICE,7
59,2025-02-01,MOTOR VEHICLE THEFT,2
59,2025-02-01,NARCOTICS,1
59,2025-02-01,OFFENSE INVOLVING CHILDREN,1
59,2025-02-01,OTHER OFFENSE,2
59,2025-02-01,THEFT,16
59,2025-02-01,WEAPONS VIOLATION,4
60,2025-01-01,ASSAULT,7
60,2025-01-01,BATTERY,21
60,2025-01-01,BURGLARY,8
60,2025-01-01,CRIMINAL DAMAGE,18
60,2025-01-01,CRIMINAL TRESPASS,2
60,2025-01-01,DECEPTIVE PRACTICE,12
60,2025-01-01,MOTOR VEHICLE THEFT,11
60,2025-01-01,NARCOTICS,4
60,2025-01-01,OFFENSE INVOLVING CHILDREN,1
60,2025-01-01,OTHER OFFENSE,7
60,2025-01-01,PUBLIC PEACE VIOLATION,1
60,2025-01-01,ROBBERY,3
60,2025-01-01,THEFT,30
60,2025-01-01,WEAPONS VIOLATION,2
60,2025-02-01,ASSAULT,6
60,2025-02-01,BATTERY,20
60,2025-02-01,BURGLARY,5
60,2025-02-01,CRIMINAL DAMAGE,11
60,2025-02-01,CRIMINAL SEXUAL ASSAULT,1
60,2025-02-01,CRIMINAL TRESPASS,4
60,2025-02-01,DECEPTIVE PRACTICE,6
60,2025-02-01,MOTOR VEHICLE THEFT,6
60,2025-02-01,OTHER OFFENSE,9
60,2025-02-01,ROBBERY,1
60,2025-02-01,THEFT,25
60,2025-02-01,WEAPONS VIOLATION,2
61,2025-01-01,ARSON,1
61,2025-01-01,ASSAULT,29
61,2025-01-01,BATTERY,50
61,2025-01-01,BURGLARY,11
61,2025-01-01,CRIMINAL DAMAGE,25
61,2025-01-01,CRIMINAL SEXUAL ASSAULT,2
61,2025-01-01,CRIMINAL TRESPASS,8
61,2025-01-01,DECEPTIVE PRACTICE,22
61,2025-01-01,HOMICIDE,1
61,2025-01-01,MOTOR VEHICLE THEFT,18
61,2025-01-01,NARCOTICS,5
61,2025-01-01,OFFENSE INVOLVING CHILDREN,1
61,2025-01-01,OTHER OFFENSE,25
61,2025-01-01,PROSTITUTION,1
61,2025-01-01,ROBBERY,14
61,2025-01-01,SEX OFFENSE,1
61,2025-01-01,THEFT,43
61,2025-01-01,WEAPONS VIOLATION,13
61,2025-02-01,ARSON,1
61,2025-02-01,ASSAULT,29
61,2025-02-01,BATTERY,52
61,2025-02-01,BURGLARY,8
61,2025-02-01,CRIMINAL DAMAGE,25
61,2025-02-01,CRIMINAL TRESPASS,3
61,2025-02-01,DECEPTIVE PRACTICE,31
61,2025-02-01,INTERFERENCE WITH PUBLIC OFFICER,1
61,2025-02-01,LIQUOR LAW VIOLATION,1
61,2025-02-01,MOTOR VEHICLE THEFT,17
61,2025-02-01,NARCOTICS,3
61,2025-02-01,OFFENSE INVOLVING CHILDREN,2
61,2025-02-01,OTHER OFFENSE,13
61,2025-02-01,PROSTITUTION,1
61,2025-02-01,ROBBERY,7
61,2025-02-01,SEX OFFENSE,1
61,2025-02-01,THEFT,44
61,2025-02-01,WEAPONS VIOLATION,10
62,2025-01-01,ASSAULT,5
62,2025-01-01,BATTERY,18
62,2025-01-01,BURGLARY,4
62,2025-01-01,CONCEALED CARRY LICENSE VIOLATION,1
62,2025-01-01,CRIMINAL DAMAGE,7
62,2025-01-01,CRIMINAL TRESPASS,3
62,2025-01-01,DECEPTIVE PRACTICE,8
62,2025-01-01,MOTOR VEHICLE THEFT,1
62,2025-01-01,OFFENSE INVOLVING CHILDREN,1
62,2025-01-01,OTHER OFFENSE,7
62,2025-01-01,SEX OFFENSE,1
62,2025-01-01,THEFT,17
62,2025-01-01,WEAPONS VIOLATION,2
62,2025-02-01,ARSON,2
62,2025-02-01,ASSAULT,7
62,2025-02-01,BATTERY,12
62,2025-02-01,BURGLARY,2
62,2025-02-01,CRIMINAL DAMAGE,11
62,2025-02-01,CRIMINAL TRESPASS,1
62,2025-02-01,DECEPTIVE PRACTICE,8
62,2025-02-01,MOTOR VEHICLE THEFT,8
62,2025-02-01,NARCOTICS,1
62,2025-02-01,OFFENSE INVOLVING CHILDREN,1
62,2025-02-01,OTHER OFFENSE,1
62,2025-02-01,ROBBERY,1
62,2025-02-01,THEFT,15
62,2025-02-01,WEAPONS VIOLATION,3
63,2025-01-01,ARSON,1
63,2025-01-01,ASSAULT,13
63,2025-01-01,BATTERY,30
63,2025-01-01,BURGLARY,9
63,2025-01-01,CRIMINAL DAMAGE,10
63,2025-01-01,CRIMINAL SEXUAL ASSAULT,2
63,2025-01-01,CRIMINAL TRESPASS,2
63,2025-01-01,DECEPTIVE PRACTICE,14
63,2025-01-01,HOMICIDE,1
63,2025-01-01,INTERFERENCE WITH PUBLIC OFFICER,1
63,2025-01-01,LIQUOR LAW VIOLATION,2
63,2025-01-01,MOTOR VEHICLE THEFT,21
63,2025-01-01,NARCOTICS,3
63,2025-01-01,OFFENSE INVOLVING CHILDREN,2
63,2025-01-01,OTHER OFFENSE,14
63,2025-01-01,ROBBERY,8
63,2025-01-01,SEX OFFENSE,2
63,2025-01-01,THEFT,33
63,2025-01-01,WEAPONS VIOLATION,8
63,2025-02-01,ASSAULT,10
63,2025-02-01,BATTERY,23
63,2025-02-01,BURGLARY,4
63,2025-02-01,CRIMINAL DAMAGE,14
63,2025-02-01,CRIMINAL TRESPASS,2
63,2025-02-01,DECEPTIVE PRACTICE,15
63,2025-02-01,KIDNAPPING,1
63,2025-02-01,MOTOR VEHICLE THEFT,21
63,2025-02-01,NARCOTICS,1
63,2025-02-01,OFFENSE INVOLVING CHILDREN,1
63,2025-02-01,OTHER OFFENSE,17
63,2025-02-01,PUBLIC PEACE VIOLATION,2
63,2025-02-01,ROBBERY,6
63,2025-02-01,SEX OFFENSE,1
63,2025-02-01,STALKING,1
63,2025-02-01,THEFT,33
63,2025-02-01,WEAPONS VIOLATION,11
64,2025-01-01,ASSAULT,9
64,2025-01-01,BATTERY,22
64,2025-01-01,BURGLARY,3
64,2025-01-01,CONCEALED CARRY LICENSE VIOLATION,1
64,2025-01-01,CRIMINAL DAMAGE,8
64,2025-01-01,DECEPTIVE PRACTICE,13
64,2025-01-01,MOTOR VEHICLE THEFT,11
64,2025-01-01,NARCOTICS,1
64,2025-01-01,OFFENSE INVOLVING CHILDREN,1
64,2025-01-01,OTHER OFFENSE,14
64,2025-01-01,PUBLIC PEACE VIOLATION,1
64,2025-01-01,ROBBERY,2
64,2025-01-01,STALKING,1
64,2025-01-01,THEFT,19
64,2025-02-01,ASSAULT,6
64,2025-02-01,BATTERY,10
64,2025-02-01,BURGLARY,3
64,2025-02-01,CRIMINAL DAMAGE,15
64,2025-02-01,CRIMINAL SEXUAL ASSAULT,1
64,2025-02-01,CRIMINAL TRESPASS,2
64,2025-02-01,DECEPTIVE PRACTICE,1
64,2025-02-01,MOTOR VEHICLE THEFT,9
64,2025-02-01,OTHER OFFENSE,10
64,2025-02-01,THEFT,10
64,2025-02-01,WEAPONS VIOLATION,1
65,2025-01-01,ASSAULT,12
65,2025-01-01,BATTERY,22
65,2025-01-01,BURGLARY,1
65,2025-01-01,CONCEALED CARRY LICENSE VIOLATION,1
65,2025-01-01,CRIMINAL DAMAGE,13
65,2025-01-01,DECEPTIVE PRACTICE,12
65,2025-01-01,KIDNAPPING,1
65,2025-01-01,MOTOR VEHICLE THEFT,14
65,2025-01-01,NARCOTICS,1
65,2025-01-01,OFFENSE INVOLVING CHILDREN,3
65,2025-01-01,OTHER OFFENSE,12
65,2025-01-01,PUBLIC PEACE VIOLATION,1
65,2025-01-01,ROBBERY,4
65,2025-01-01,SEX OFFENSE,1
65,2025-01-01,THEFT,39
65,2025-01-01,WEAPONS VIOLATION,6
65,2025-02-01,ASSAULT,8
65,2025-02-01,BATTERY,15
65,2025-02-01,BURGLARY,5
65,2025-02-01,CRIMINAL DAMAGE,17
65,2025-02-01,CRIMINAL SEXUAL ASSAULT,1
65,2025-02-01,CRIMINAL TRESPASS,4
65,2025-02-01,DECEPTIVE PRACTICE,11
65,2025-02-01,HOMICIDE,1
65,2025-02-01,MOTOR VEHICLE THEFT,16
65,2025-02-01,NARCOTICS,1
65,2025-02-01,OFFENSE INVOLVING CHILDREN,1
65,2025-02-01,OTHER OFFENSE,17
65,2025-02-01,PUBLIC PEACE VIOLATION,1
65,2025-02-01,ROBBERY,1
65,2025-02-01,SEX OFFENSE,1
65,2025-02-01,THEFT,41
65,2025-02-01,WEAPONS VIOLATION,1
66,2025-01-01,ARSON,1
66,2025-01-01,ASSAULT,38
66,2025-01-01,BATTERY,84
66,2025-01-01,BURGLARY,15
66,2025-01-01,CRIMINAL DAMAGE,40
66,2025-01-01,CRIMINAL SEXUAL ASSAULT,2
66,2025-01-01,CRIMINAL TRESPASS,6
66,2025-01-01,DECEPTIVE PRACTICE,23
66,2025-01-01,HOMICIDE,2
66,2025-01-01,INTERFERENCE WITH PUBLIC OFFICER,4
66,2025-01-01,MOTOR VEHICLE THEFT,22
66,2025-01-01,NARCOTICS,8
66,2025-01-01,OFFENSE INVOLVING CHILDREN,3
66,2025-01-01,OTHER OFFENSE,55
66,2025-01-01,PUBLIC PEACE VIOLATION,1
66,2025-01-01,ROBBERY,15
66,2025-01-01,SEX OFFENSE,3
66,2025-01-01,STALKING,2
66,2025-01-01,THEFT,67
66,2025-01-01,WEAPONS VIOLATION,16
66,2025-02-01,ARSON,1
66,2025-02-01,ASSAULT,33
66,2025-02-01,BATTERY,58
66,2025-02-01,BURGLARY,11
66,2025-02-01,CONCEALED CARRY LICENSE VIOLATION,2
66,2025-02-01,CRIMINAL DAMAGE,31
66,2025-02-01,CRIMINAL SEXUAL ASSAULT,1
66,2025-02-01,CRIMINAL TRESPASS,4
66,2025-02-01,DECEPTIVE PRACTICE,24
66,2025-02-01,INTERFERENCE WITH PUBLIC OFFICER,3
66,2025-02-01,MOTOR VEHICLE THEFT,16
66,2025-02-01,NARCOTICS,22
66,2025-02-01,OFFENSE INVOLVING CHILDREN,1
66,2025-02-01,OTHER OFFENSE,39
66,2025-02-01,ROBBERY,15
66,2025-02-01,SEX OFFENSE,2
66,2025-02-01,THEFT,53
66,2025-02-01,WEAPONS VIOLATION,17
67,2025-01-01,ARSON,1
67,2025-01-01,ASSAULT,37
67,2025-01-01,BATTERY,68
67,2025-01-01,BURGLARY,5
67,2025-01-01,CRIMINAL DAMAGE,40
67,2025-01-01,CRIMINAL SEXUAL ASSAULT,1
67,2025-01-01,CRIMINAL TRESPASS,5
67,2025-01-01,DECEPTIVE PRACTICE,14
67,2025-01-01,INTERFERENCE WITH PUBLIC OFFICER,4
67,2025-01-01,MOTOR VEHICLE THEFT,20
67,2025-01-01,NARCOTICS,18
67,2025-01-01,OFFENSE INVOLVING CHILDREN,5
67,2025-01-01,OTHER OFFENSE,40
67,2025-01-01,PUBLIC PEACE VIOLATION,1
67,2025-01-01,ROBBERY,15
67,2025-01-01,SEX OFFENSE,4
67,2025-01-01,THEFT,33
67,2025-01-01,WEAPONS VIOLATION,21
67,2025-02-01,ARSON,1
67,2025-02-01,ASSAULT,29
67,2025-02-01,BATTERY,61
67,2025-02-01,BURGLARY,4
67,2025-02-01,CONCEALED CARRY LICENSE VIOLATION,1
67,2025-02-01,CRIMINAL DAMAGE,41
67,2025-02-01,CRIMINAL SEXUAL ASSAULT,1
67,2025-02-01,CRIMINAL TRESPASS,3
67,2025-02-01,DECEPTIVE PRACTICE,16
67,2025-02-01,INTERFERENCE WITH PUBLIC OFFICER,7
67,2025-02-01,MOTOR VEHICLE THEFT,26
67,2025-02-01,NARCOTICS,21
67,2025-02-01,OFFENSE INVOLVING CHILDREN,3
67,2025-02-01,OTHER OFFENSE,23
67,2025-02-01,PUBLIC PEACE VIOLATION,1
67,2025-02-01,ROBBERY,5
67,2025-02-01,THEFT,34
67,2025-02-01,WEAPONS VIOLATION,24
68,2025-01-01,ARSON,1
68,2025-01-01,ASSAULT,48
68,2025-01-01,BATTERY,82
68,2025-01-01,BURGLARY,12
68,2025-01-01,CRIMINAL DAMAGE,39
68,2025-01-01,CRIMINAL SEXUAL ASSAULT,4
68,2025-01-01,CRIMINAL TRESPASS,5
68,2025-01-01,DECEPTIVE PRACTICE,23
68,2025-01-01,INTERFERENCE WITH PUBLIC OFFICER,5
68,2025-01-01,MOTOR VEHICLE THEFT,24
68,2025-01-01,NARCOTICS,26
68,2025-01-01,OFFENSE INVOLVING CHILDREN,2
68,2025-01-01,OTHER OFFENSE,39
68,2025-01-01,PUBLIC PEACE VIOLATION,2
68,2025-01-01,ROBBERY,15
68,2025-01-01,SEX OFFENSE,3
68,2025-01-01,THEFT,41
68,2025-01-01,WEAPONS VIOLATION,24
68,2025-02-01,ARSON,1
68,2025-02-01,ASSAULT,40
68,2025-02-01,BATTERY,63
68,2025-02-01,BURGLARY,9
68,2025-02-01,CONCEALED CARRY LICENSE VIOLATION,1
68,2025-02-01,CRIMINAL DAMAGE,31
68,2025-02-01,CRIMINAL SEXUAL ASSAULT,1
68,2025-02-01,CRIMINAL TRESPASS,2
68,2025-02-01,DECEPTIVE PRACTICE,8
68,2025-02-01,HOMICIDE,1
68,2025-02-01,INTERFERENCE WITH PUBLIC OFFICER,3
68,2025-02-01,MOTOR VEHICLE THEFT,25
68,2025-02-01,NARCOTICS,14
68,2025-02-01,OFFENSE INVOLVING CHILDREN,3
68,2025-02-01,OTHER OFFENSE,27
68,2025-02-01,PUBLIC PEACE VIOLATION,2
68,2025-02-01,ROBBERY,3
68,2025-02-01,SEX OFFENSE,2
68,2025-02-01,THEFT,53
68,2025-02-01,WEAPONS VIOLATION,21
69,2025-01-01,ARSON,1
69,2025-01-01,ASSAULT,47
69,2025-01-01,BATTERY,84
69,2025-01-01,BURGLARY,7
69,2025-01-01,CRIMINAL DAMAGE,51
69,2025-01-01,CRIMINAL SEXUAL ASSAULT,2
69,2025-01-01,CRIMINAL TRESPASS,11
69,2025-01-01,DECEPTIVE PRACTICE,23
69,2025-01-01,HOMICIDE,2
69,2025-01-01,INTERFERENCE WITH PUBLIC OFFICER,4
69,2025-01-01,INTIMIDATION,1
69,2025-01-01,LIQUOR LAW VIOLATION,1
69,2025-01-01,MOTOR VEHICLE THEFT,39
69,2025-01-01,NARCOTICS,12
69,2025-01-01,OFFENSE INVOLVING CHILDREN,7
69,2025-01-01,OTHER OFFENSE,35
69,2025-01-01,PUBLIC PEACE VIOLATION,2
69,2025-01-01,ROBBERY,14
69,2025-01-01,SEX OFFENSE,2
69,2025-01-01,THEFT,43
69,2025-01-01,WEAPONS VIOLATION,15
69,2025-02-01,ARSON,2
69,2025-02-01,ASSAULT,45
69,2025-02-01,BATTERY,91
69,2025-02-01,BURGLARY,12
69,2025-02-01,CRIMINAL DAMAGE,36
69,2025-02-01,CRIMINAL SEXUAL ASSAULT,2
69,2025-02-01,CRIMINAL TRESPASS,6
69,2025-02-01,DECEPTIVE PRACTICE,20
69,2025-02-01,HOMICIDE,3
69,2025-02-01,INTERFERENCE WITH PUBLIC OFFICER,4
69,2025-02-01,MOTOR VEHICLE THEFT,35
69,2025-02-01,NARCOTICS,13
69,2025-02-01,OBSCENITY,1
69,2025-02-01,OFFENSE INVOLVING CHILDREN,5
69,2025-02-01,OTHER OFFENSE,39
69,2025-02-01,PUBLIC INDECENCY,1
69,2025-02-01,ROBBERY,18
69,2025-02-01,SEX OFFENSE,1
69,2025-02-01,STALKING,2
69,2025-02-01,THEFT,50
69,2025-02-01,WEAPONS VIOLATION,24
70,2025-01-01,ASSAULT,16
70,2025-01-01,BATTERY,26
70,2025-01-01,BURGLARY,9
70,2025-01-01,CRIMINAL DAMAGE,19
70,2025-01-01,CRIMINAL TRESPASS,5
70,2025-01-01,DECEPTIVE PRACTICE,18
70,2025-01-01,INTERFERENCE WITH PUBLIC OFFICER,1
70,2025-01-01,MOTOR VEHICLE THEFT,12
70,2025-01-01,NARCOTICS,2
70,2025-01-01,OFFENSE INVOLVING CHILDREN,2
70,2025-01-01,OTHER OFFENSE,12
70,2025-01-01,PUBLIC PEACE VIOLATION,1
70,2025-01-01,ROBBERY,4
70,2025-01-01,SEX OFFENSE,4
70,2025-01-01,STALKING,1
70,2025-01-01,THEFT,16
70,2025-01-01,WEAPONS VIOLATION,4
70,2025-02-01,ASSAULT,12
70,2025-02-01,BATTERY,22
70,2025-02-01,BURGLARY,12
70,2025-02-01,CRIMINAL DAMAGE,17
70,2025-02-01,CRIMINAL TRESPASS,3
70,2025-02-01,DECEPTIVE PRACTICE,18
70,2025-02-01,MOTOR VEHICLE THEFT,11
70,2025-02-01,OFFENSE INVOLVING CHILDREN,1
70,2025-02-01,OTHER OFFENSE,6
70,2025-02-01,PUBLIC PEACE VIOLATION,1
70,2025-02-01,THEFT,21
70,2025-02-01,WEAPONS VIOLATION,3
71,2025-01-01,ARSON,1
71,2025-01-01,ASSAULT,49
71,2025-01-01,BATTERY,88
71,2025-01-01,BURGLARY,17
71,2025-01-01,CRIMINAL DAMAGE,60
71,2025-01-01,CRIMINAL SEXUAL ASSAULT,1
71,2025-01-01,CRIMINAL TRESPASS,5
71,2025-01-01,DECEPTIVE PRACTICE,30
71,2025-01-01,HOMICIDE,3
71,2025-01-01,INTERFERENCE WITH PUBLIC OFFICER,2
71,2025-01-01,LIQUOR LAW VIOLATION,1
71,2025-01-01,MOTOR VEHICLE THEFT,33
71,2025-01-01,NARCOTICS,18
71,2025-01-01,OFFENSE INVOLVING CHILDREN,7
71,2025-01-01,OTHER OFFENSE,59
71,2025-01-01,ROBBERY,22
71,2025-01-01,STALKING,3
71,2025-01-01,THEFT,84
71,2025-01-01,WEAPONS VIOLATION,18
71,2025-02-01,ARSON,4
71,2025-02-01,ASSAULT,38
71,2025-02-01,BATTERY,85
71,2025-02-01,BURGLARY,15
71,2025-02-01,CONCEALED CARRY LICENSE VIOLATION,1
71,2025-02-01,CRIMINAL DAMAGE,37
71,2025-02-01,CRIMINAL SEXUAL ASSAULT,5
71,2025-02-01,CRIMINAL TRESPASS,8
71,2025-02-01,DECEPTIVE PRACTICE,33
71,2025-02-01,HOMICIDE,1
71,2025-02-01,INTERFERENCE WITH PUBLIC OFFICER,1
71,2025-02-01,KIDNAPPING,1
71,2025-02-01,MOTOR VEHICLE THEFT,54
71,2025-02-01,NARCOTICS,6
71,2025-02-01,OFFENSE INVOLVING CHILDREN,5
71,2025-02-01,OTHER OFFENSE,42
71,2025-02-01,PUBLIC PEACE VIOLATION,4
71,2025-02-01,ROBBERY,7
71,2025-02-01,SEX OFFENSE,3
71,2025-02-01,STALKING,2
71,2025-02-01,THEFT,65
71,2025-02-01,WEAPONS VIOLATION,17
72,2025-01-01,ASSAULT,8
72,2025-01-01,BATTERY,7
72,2025-01-01,BURGLARY,5
72,2025-01-01,CRIMINAL DAMAGE,9
72,2025-01-01,CRIMINAL TRESPASS,3
72,2025-01-01,DECEPTIVE PRACTICE,10
72,2025-01-01,MOTOR VEHICLE THEFT,7
72,2025-01-01,NARCOTICS,3
72,2025-01-01,OFFENSE INVOLVING CHILDREN,1
72,2025-01-01,OTHER OFFENSE,7
72,2025-01-01,ROBBERY,1
72,2025-01-01,SEX OFFENSE,1
72,2025-01-01,THEFT,11
72,2025-01-01,WEAPONS VIOLATION,1
72,2025-02-01,ASSAULT,4
72,2025-02-01,BATTERY,12
72,2025-02-01,BURGLARY,3
72,2025-02-01,CRIMINAL DAMAGE,5
72,2025-02-01,CRIMINAL SEXUAL ASSAULT,1
72,2025-02-01,CRIMINAL TRESPASS,3
72,2025-02-01,DECEPTIVE PRACTICE,9
72,2025-02-01,HOMICIDE,1
72,2025-02-01,MOTOR VEHICLE THEFT,6
72,2025-02-01,NARCOTICS,1
72,2025-02-01,OFFENSE INVOLVING CHILDREN,1
72,2025-02-01,OTHER OFFENSE,11
72,2025-02-01,ROBBERY,1
72,2025-02-01,THEFT,12
73,2025-01-01,ASSAULT,19
73,2025-01-01,BATTERY,32
73,2025-01-01,BURGLARY,5
73,2025-01-01,CRIMINAL DAMAGE,32
73,2025-01-01,CRIMINAL TRESPASS,2
73,2025-01-01,DECEPTIVE PRACTICE,17
73,2025-01-01,HOMICIDE,1
73,2025-01-01,INTERFERENCE WITH PUBLIC OFFICER,1
73,2025-01-01,MOTOR VEHICLE THEFT,17
73,2025-01-01,NARCOTICS,4
73,2025-01-01,OFFENSE INVOLVING CHILDREN,1
73,2025-01-01,OTHER OFFENSE,19
73,2025-01-01,PUBLIC PEACE VIOLATION,1
73,2025-01-01,ROBBERY,1
73,2025-01-01,SEX OFFENSE,1
73,2025-01-01,THEFT,40
73,2025-01-01,WEAPONS VIOLATION,8
73,2025-02-01,ASSAULT,22
73,2025-02-01,BATTERY,27
73,2025-02-01,BURGLARY,9
73,2025-02-01,CONCEALED CARRY LICENSE VIOLATION,1
73,2025-02-01,CRIMINAL DAMAGE,23
73,2025-02-01,CRIMINAL SEXUAL ASSAULT,1
73,2025-02-01,CRIMINAL TRESPASS,6
73,2025-02-01,DECEPTIVE PRACTICE,18
73,2025-02-01,INTERFERENCE WITH PUBLIC OFFICER,1
73,2025-02-01,MOTOR VEHICLE THEFT,13
73,2025-02-01,NARCOTICS,5
73,2025-02-01,OFFENSE INVOLVING CHILDREN,1
73,2025-02-01,OTHER OFFENSE,15
73,2025-02-01,PUBLIC PEACE VIOLATION,3
73,2025-02-01,ROBBERY,3
73,2025-02-01,STALKING,1
73,2025-02-01,THEFT,26
73,2025-02-01,WEAPONS VIOLATION,7
74,2025-01-01,ASSAULT,3
74,2025-01-01,BATTERY,5
74,2025-01-01,CRIMINAL DAMAGE,2
74,2025-01-01,CRIMINAL SEXUAL ASSAULT,1
74,2025-01-01,CRIMINAL TRESPASS,3
74,2025-01-01,DECEPTIVE PRACTICE,6
74,2025-01-01,MOTOR VEHICLE THEFT,2
74,2025-01-01,OTHER OFFENSE,6
74,2025-01-01,PUBLIC PEACE VIOLATION,1
74,2025-01-01,THEFT,9
74,2025-02-01,ASSAULT,3
74,2025-02-01,BATTERY,10
74,2025-02-01,CRIMINAL DAMAGE,5
74,2025-02-01,CRIMINAL TRESPASS,2
74,2025-02-01,DECEPTIVE PRACTICE,2
74,2025-02-01,MOTOR VEHICLE THEFT,2
74,2025-02-01,OTHER OFFENSE,2
74,2025-02-01,SEX OFFENSE,1
74,2025-02-01,STALKING,3
74,2025-02-01,THEFT,5
75,2025-01-01,ASSAULT,12
75,2025-01-01,BATTERY,30
75,2025-01-01,BURGLARY,2
75,2025-01-01,CRIMINAL DAMAGE,23
75,2025-01-01,CRIMINAL TRESPASS,1
75,2025-01-01,DECEPTIVE PRACTICE,11
75,2025-01-01,INTERFERENCE WITH PUBLIC OFFICER,1
75,2025-01-01,KIDNAPPING,1
75,2025-01-01,MOTOR VEHICLE THEFT,8
75,2025-01-01,NARCOTICS,2
75,2025-01-01,OFFENSE INVOLVING CHILDREN,2
75,2025-01-01,OTHER OFFENSE,21
75,2025-01-01,ROBBERY,3
75,2025-01-01,THEFT,31
75,2025-01-01,WEAPONS VIOLATION,3
75,2025-02-01,ASSAULT,13
75,2025-02-01,BATTERY,18
75,2025-02-01,BURGLARY,1
75,2025-02-01,CRIMINAL DAMAGE,19
75,2025-02-01,CRIMINAL TRESPASS,1
75,2025-02-01,DECEPTIVE PRACTICE,5
75,2025-02-01,MOTOR VEHICLE THEFT,9
75,2025-02-01,OFFENSE INVOLVING CHILDREN,2
75,2025-02-01,OTHER OFFENSE,20
75,2025-02-01,PUBLIC PEACE VIOLATION,1
75,2025-02-01,ROBBERY,2
75,2025-02-01,SEX OFFENSE,1
75,2025-02-01,THEFT,37
75,2025-02-01,WEAPONS VIOLATION,3
76,2025-01-01,ASSAULT,7
76,2025-01-01,BATTERY,15
76,2025-01-01,CONCEALED CARRY LICENSE VIOLATION,5
76,2025-01-01,CRIMINAL DAMAGE,8
76,2025-01-01,CRIMINAL TRESPASS,9
76,2025-01-01,DECEPTIVE PRACTICE,12
76,2025-01-01,LIQUOR LAW VIOLATION,2
76,2025-01-01,MOTOR VEHICLE THEFT,7
76,2025-01-01,NARCOTICS,7
76,2025-01-01,OFFENSE INVOLVING CHILDREN,1
76,2025-01-01,OTHER OFFENSE,8
76,2025-01-01,PUBLIC PEACE VIOLATION,2
76,2025-01-01,ROBBERY,1
76,2025-01-01,THEFT,31
76,2025-02-01,ASSAULT,6
76,2025-02-01,BATTERY,26
76,2025-02-01,BURGLARY,1
76,2025-02-01,CONCEALED CARRY LICENSE VIOLATION,4
76,2025-02-01,CRIMINAL DAMAGE,12
76,2025-02-01,CRIMINAL TRESPASS,7
76,2025-02-01,DECEPTIVE PRACTICE,8
76,2025-02-01,INTIMIDATION,1
76,2025-02-01,MOTOR VEHICLE THEFT,5
76,2025-02-01,OTHER OFFENSE,11
76,2025-02-01,PUBLIC PEACE VIOLATION,4
76,2025-02-01,SEX OFFENSE,1
76,2025-02-01,THEFT,48
77,2025-01-01,ARSON,1
77,2025-01-01,ASSAULT,24
77,2025-01-01,BATTERY,38
77,2025-01-01,BURGLARY,22
77,2025-01-01,CRIMINAL DAMAGE,18
77,2025-01-01,CRIMINAL SEXUAL ASSAULT,2
77,2025-01-01,CRIMINAL TRESPASS,6
77,2025-01-01,DECEPTIVE PRACTICE,16
77,2025-01-01,HOMICIDE,1
77,2025-01-01,MOTOR VEHICLE THEFT,16
77,2025-01-01,NON-CRIMINAL,1
77,2025-01-01,OTHER OFFENSE,21
77,2025-01-01,ROBBERY,4
77,2025-01-01,STALKING,1
77,2025-01-01,THEFT,103
77,2025-01-01,WEAPONS VIOLATION,2
77,2025-02-01,ASSAULT,17
77,2025-02-01,BATTERY,49
77,2025-02-01,BURGLARY,16
77,2025-02-01,CRIMINAL DAMAGE,23
77,2025-02-01,CRIMINAL SEXUAL ASSAULT,4
77,2025-02-01,CRIMINAL TRESPASS,11
77,2025-02-01,DECEPTIVE PRACTICE,29
77,2025-02-01,MOTOR VEHICLE THEFT,12
77,2025-02-01,NARCOTICS,1
77,2025-02-01,OFFENSE INVOLVING CHILDREN,1
77,2025-02-01,OTHER OFFENSE,15
77,2025-02-01,ROBBERY,7
77,2025-02-01,SEX OFFENSE,2
77,2025-02-01,THEFT,76
77,2025-02-01,WEAPONS VIOLATION,2
